id,datum,pacient_prvni_zaznam,kum_pacient_prvni_zaznam,pocet_hosp,stav_bez_priznaku,stav_lehky,stav_stredni,stav_tezky,jip,kyslik,hfno,upv,ecmo,tezky_upv_ecmo,umrti,kum_umrti
5edf3e50-8ab8-444c-97e1-ad6620459783,2020-03-01,0,0,0,0,0,0,0,0,0,0,0,0,0,0,0
9471e379-aec5-49e0-84d8-f53e2aa35210,2020-03-02,0,0,0,0,0,0,0,0,0,0,0,0,0,0,0
14f63777-2b03-4b00-b016-55568f27466c,2020-03-03,0,0,0,0,0,0,0,0,0,0,0,0,0,0,0
7638027b-5225-42c1-8566-afda0fc75ea7,2020-03-04,0,0,0,0,0,0,0,0,0,0,0,0,0,0,0
e7029a15-7b50-4cc0-ad65-48e11c793e13,2020-03-05,0,0,0,0,0,0,0,0,0,0,0,0,0,0,0
ef57bf36-8048-4ee9-98f0-fc96299fb140,2020-03-06,0,0,0,0,0,0,0,0,0,0,0,0,0,0,0
37928a9f-ec80-4922-82e6-1ea8f0fa497f,2020-03-07,0,0,0,0,0,0,0,0,0,0,0,0,0,0,0
7af21b2d-d887-4f9e-ae58-11723060aafd,2020-03-08,0,0,0,0,0,0,0,0,0,0,0,0,0,0,0
d11ff12f-8f33-414e-805d-00ae12d987cd,2020-03-09,0,0,0,0,0,0,0,0,0,0,0,0,0,0,0
c0c8cd39-d92c-45d1-b735-c1c8dc531d36,2020-03-10,0,0,0,0,0,0,0,0,0,0,0,0,0,0,0
13949f6b-d91d-467e-94d5-04face558bae,2020-03-11,2,2,2,0,2,0,0,0,0,0,0,0,0,0,0
de324ec2-4c80-4fc6-8ab1-75be206d3713,2020-03-12,1,3,3,0,2,1,0,0,0,0,0,0,0,0,0
48bee08e-926c-4ab1-83af-c24d845254fc,2020-03-13,2,5,4,0,3,1,0,0,0,0,0,0,0,0,0
af415117-833e-4db4-a206-6eebd0a7cb77,2020-03-14,1,6,4,1,3,0,0,0,1,0,0,0,0,0,0
df36e1a2-17ce-457a-ba00-d5b8cc6baa2b,2020-03-15,2,8,6,1,5,0,0,0,1,0,0,0,0,0,0
68aed31f-02fe-4379-8766-a39f2ef3b6f9,2020-03-16,14,22,19,3,8,6,2,3,4,0,2,1,2,0,0
10f37ab2-5606-41e6-9ea2-b09b1944b7ff,2020-03-17,31,53,49,7,24,13,5,7,8,0,4,1,5,0,0
2ebf1cc8-8191-4c88-9964-ce25e00f418e,2020-03-18,5,58,50,7,25,12,6,9,10,0,4,1,6,0,0
204e4c72-ac0c-4ded-ad93-f83cf23bcad5,2020-03-19,8,66,55,8,29,12,6,10,9,0,4,1,6,0,0
b0b87890-9b82-47ba-8a79-1360689cb99e,2020-03-20,14,80,66,9,32,10,15,16,14,0,8,1,15,0,0
b8bb5422-818e-4143-9f2c-ce0afc0eee0f,2020-03-21,18,98,79,5,41,19,14,18,23,0,11,1,14,0,0
2464fc2b-2b41-4daf-9c17-27f84d327c6c,2020-03-22,22,120,97,6,49,26,16,27,27,0,16,1,18,1,1
3fe58ad0-7c77-4a20-8958-92bd8b03be5d,2020-03-23,26,146,117,7,54,34,22,31,31,0,19,1,22,0,1
76412065-7641-48ec-be15-68de289cefbb,2020-03-24,25,171,135,8,54,47,26,41,43,0,23,1,26,2,3
538e2a48-20db-4dd1-97ca-8da608a1bde5,2020-03-25,47,218,175,8,55,77,35,54,61,0,26,1,36,5,8
90b2f124-cccb-4fdc-9593-db63143bbab3,2020-03-26,49,267,205,5,72,91,37,51,63,0,30,1,38,0,8
ddf67564-51e9-4746-a4d6-b9f1f9b91b72,2020-03-27,40,307,237,5,68,117,47,59,84,0,33,1,48,2,10
ce28650f-959b-4aa2-baab-232bc9262c36,2020-03-28,45,352,271,10,85,120,56,63,98,0,37,1,57,4,14
e461f5c0-8d2d-481f-94d6-a16b1fc74d84,2020-03-29,28,380,282,11,103,115,53,61,98,0,37,2,53,5,19
253251f1-2b23-42c3-8b99-fbdc40de4767,2020-03-30,24,404,294,8,101,119,66,73,107,0,47,3,66,4,23
906d4bf3-103d-4fd2-971f-fa715eb56f05,2020-03-31,44,448,322,8,107,135,72,82,110,0,55,3,72,6,29
9a2b4e9d-4cc8-4412-a039-eb971f46a2f6,2020-04-01,45,493,345,12,121,138,74,88,104,0,59,4,74,7,36
072cd932-5071-4ea2-9da9-d2d047d375aa,2020-04-02,39,532,351,15,125,135,76,87,102,0,65,2,76,5,41
517d4e64-fbf0-4be4-9455-6fb9408f1ee1,2020-04-03,41,573,375,24,118,147,86,94,126,0,65,2,86,7,48
13b6618c-d8a7-4ccb-b8da-726971422f86,2020-04-04,29,602,365,20,104,157,84,90,131,0,62,2,84,8,56
60e18d98-8b4e-4011-ad8b-c06c3c0249d6,2020-04-05,25,627,371,19,112,158,82,91,138,0,62,2,82,8,64
9e0c61da-8590-4f50-9bba-f6f25a692b28,2020-04-06,38,665,395,24,121,163,87,96,133,0,65,2,88,8,72
ce60b72f-1dfb-426d-b4ae-c35224aeff5f,2020-04-07,42,707,413,34,117,162,100,102,137,0,64,2,100,8,80
5f296da4-96a0-4ed5-bb8a-9b1701b43f88,2020-04-08,33,740,423,41,122,166,94,96,137,0,61,3,94,12,92
0ed8723b-6358-4631-a329-a55eb0831ad6,2020-04-09,36,776,417,47,115,159,96,94,136,0,64,3,96,9,101
6f944e0b-513b-4007-9d12-cef201103ebd,2020-04-10,26,802,406,40,114,163,89,90,135,0,62,3,89,6,107
bc242883-1dbf-4207-b0ae-bb427df88e8b,2020-04-11,24,826,406,44,114,161,87,94,124,0,62,3,87,5,112
9fc47301-676c-43c3-9e19-96014eeaf53c,2020-04-12,16,842,402,39,108,155,100,99,142,0,63,3,100,6,118
46ed5f35-6999-44a7-b1b7-9991c90a9a97,2020-04-13,13,855,395,44,107,151,93,93,123,0,61,3,93,10,128
af63a72e-253d-4d64-8ee5-81909c120954,2020-04-14,10,865,385,44,110,148,83,83,111,0,59,5,83,6,134
edb07164-3a2b-40ce-bae8-77070149fe4a,2020-04-15,20,885,370,42,109,143,76,79,108,0,57,4,77,0,134
6a81e06b-02db-45c1-a887-94e3b90ffa50,2020-04-16,23,908,362,50,91,138,83,87,108,0,57,3,83,2,136
75731218-8df8-43da-b903-a2b39518ba98,2020-04-17,25,933,355,43,95,137,80,86,109,0,56,3,81,7,143
b4faed4d-8899-47c7-a6dc-6e0fee170314,2020-04-18,15,948,338,42,97,125,74,81,103,0,51,3,75,2,145
c7357860-6495-4917-a132-6ba4dbdb02b7,2020-04-19,23,971,345,41,97,128,79,84,106,0,52,3,81,7,152
d2e40d40-c83f-42eb-851e-2842421c0904,2020-04-20,25,996,348,52,104,116,76,86,89,0,54,3,78,5,157
9036f89e-8f33-4f79-94e0-ec1ec0e027e0,2020-04-21,40,1036,365,65,110,112,78,82,84,0,48,4,79,5,162
a9156b10-b9d9-4a85-8a1a-4142d50ba718,2020-04-22,16,1052,342,73,88,107,74,78,83,0,47,4,75,1,163
924fc8ac-639f-4b70-b605-a8c2463c0500,2020-04-23,27,1079,335,70,92,95,78,75,82,0,45,4,78,4,167
219417e9-8b4b-498d-a456-4565270a3445,2020-04-24,20,1099,329,76,81,97,75,73,81,0,47,4,75,5,172
7afe75e2-73f2-4ae5-a9a7-ccdd0d6f7e67,2020-04-25,11,1110,314,73,73,97,71,69,74,0,43,4,71,4,176
8b8e67ad-ba83-4bd7-be98-a207fd4cf300,2020-04-26,10,1120,309,71,78,88,72,67,71,0,45,4,72,1,177
7d9e2f08-4b15-4e16-b09d-a9789f2f0fa7,2020-04-27,14,1134,309,76,74,91,68,68,74,0,45,3,68,1,178
2465663c-2cb1-449c-8730-b4096e610a38,2020-04-28,12,1146,305,73,81,83,68,61,66,0,42,3,68,4,182
26706aeb-5574-426a-a971-a8c54b5f43b3,2020-04-29,4,1150,286,63,83,78,62,60,65,0,42,2,64,5,187
a792ec23-ff47-4392-9de9-59e2e8a86e43,2020-04-30,19,1169,273,64,76,75,58,52,66,0,39,2,60,6,193
435db667-4163-4424-95b4-22c980800aee,2020-05-01,8,1177,244,48,70,73,53,46,64,0,35,1,55,6,199
1a0929e7-72a8-4340-8098-4058f71b5c15,2020-05-02,11,1188,233,52,62,70,49,47,58,0,32,1,50,1,200
b51e2fd7-5e9e-43ec-944c-0b4f51b51062,2020-05-03,6,1194,232,62,62,59,49,45,53,0,31,1,50,1,201
a1e9f2e4-1608-49fe-9d0a-194fd381e624,2020-05-04,11,1205,236,67,56,59,54,47,47,0,32,1,55,4,205
8ddc4762-a861-435a-8493-d4d3b0cf4956,2020-05-05,12,1217,223,61,60,56,46,37,43,0,29,1,47,3,208
efe74524-5e40-4900-809f-5a10af3dcf78,2020-05-06,4,1221,209,53,58,55,43,35,41,0,28,1,44,2,210
ff96457f-40d0-48bb-8d59-f9fa133619e8,2020-05-07,10,1231,191,48,56,46,41,36,39,0,24,0,41,4,214
32cd7812-1a3d-4224-af2b-e656cbe77904,2020-05-08,9,1240,185,44,55,43,43,40,41,0,27,0,44,5,219
a1bee9bf-46fe-4386-bcff-1943f67c1265,2020-05-09,6,1246,173,41,52,41,39,34,39,0,25,0,39,3,222
0c6120db-cc4b-4ea8-8802-404029581cd5,2020-05-10,4,1250,167,35,53,40,39,34,38,0,24,0,39,2,224
7d2961c7-4e26-4be5-9e4d-9c1299cb1c13,2020-05-11,5,1255,167,37,51,37,42,35,38,0,27,0,42,1,225
a2cbfaa3-a3b5-4b42-a57e-725811643227,2020-05-12,5,1260,157,35,47,35,40,32,40,0,25,0,40,2,227
9af1dcb9-2d1e-4f96-8383-cb18e21c54db,2020-05-13,7,1267,147,30,46,33,38,29,34,0,19,0,39,3,230
f1cda235-b44f-4c08-8c3f-161fcb004347,2020-05-14,5,1272,128,30,37,27,34,29,26,0,19,0,35,2,232
61ffb06f-b853-4808-8c8e-fad8d8e25880,2020-05-15,3,1275,118,30,35,19,34,29,25,0,18,0,35,2,234
5cba15f9-cde1-4551-861e-2a64d4d193d9,2020-05-16,3,1278,112,27,33,19,33,28,20,0,16,0,34,1,235
51875c50-5135-461d-8d2a-f1e118c28d89,2020-05-17,1,1279,110,24,30,22,34,28,24,0,17,0,35,2,237
f9c86cb5-1f0f-4e97-a5e2-c0feed5836f6,2020-05-18,9,1288,115,22,37,24,32,29,25,0,18,0,33,3,240
06e1bf5b-448f-4fe0-bc35-f02f094b0acf,2020-05-19,4,1292,109,23,33,22,31,26,24,0,18,0,32,2,242
ae482fa7-eb3d-47e9-99a8-37f27cbe807a,2020-05-20,5,1297,101,23,26,21,31,25,23,0,19,0,32,2,244
95287c68-840e-484c-8284-837abc72ec12,2020-05-21,7,1304,101,16,35,21,29,23,24,0,17,0,30,2,246
5f3d78d8-2230-4380-9435-662d27e65b8d,2020-05-22,6,1310,98,19,32,23,24,17,16,0,14,0,25,2,248
a0d8fef9-63e0-4f05-861a-ea85d359888a,2020-05-23,4,1314,93,15,32,24,22,18,16,0,14,0,23,1,249
541eca56-e36e-4ab6-b78e-d0c0b36630c5,2020-05-24,5,1319,94,16,32,25,21,19,15,0,14,0,22,1,250
a4db8dbd-9ee4-431f-b363-0b58ffa62bb7,2020-05-25,3,1322,91,15,31,26,19,18,14,0,12,0,20,1,251
47e39335-64cd-4e3a-a819-86b4966a4568,2020-05-26,8,1330,92,19,27,31,15,16,15,0,10,0,16,0,251
543d885b-09f6-4ab8-a17e-6079e884c713,2020-05-27,4,1334,86,15,27,29,15,16,17,0,10,0,17,0,251
3c4ff493-0d0e-4918-8b46-70aaac5d7a7b,2020-05-28,4,1338,73,12,21,25,15,13,12,0,8,0,15,1,252
9bfc02c3-9ede-4634-bda8-154660cd0363,2020-05-29,3,1341,71,11,20,25,15,12,14,0,9,0,15,0,252
ddc30a35-e52b-40b1-8945-19f6c3d7c07e,2020-05-30,8,1349,72,19,18,23,12,12,12,0,7,0,12,0,252
bd183eed-8334-4c49-9f81-fb9d97ff449d,2020-05-31,2,1351,70,20,18,20,12,11,13,0,7,0,12,0,252
5972eb97-9e16-4094-9f85-1108b219ab84,2020-06-01,4,1355,73,20,22,18,13,11,12,0,6,0,13,1,253
fa2878d4-41fd-43f8-8ff1-65555544fb7a,2020-06-02,5,1360,75,21,23,20,11,9,11,0,6,0,11,1,254
773c72a9-b4c5-4659-8d9c-3d1b73526361,2020-06-03,0,1360,65,18,22,15,10,8,11,0,6,0,10,1,255
8a15ee58-0e1c-4927-92b5-8136e0f44de2,2020-06-04,4,1364,60,20,13,18,9,8,9,0,6,0,9,3,258
3b8679ec-be2d-4509-b640-835d67620ee1,2020-06-05,9,1373,60,19,19,13,9,6,12,0,5,0,9,0,258
18db0977-869c-4879-83ac-40812626d0cf,2020-06-06,4,1377,59,17,21,13,8,8,12,0,5,0,9,0,258
d0b4cd31-ec60-45a6-bda3-0bccdc0071f4,2020-06-07,4,1381,61,18,21,12,10,9,12,0,6,0,10,1,259
27086000-6ffe-4723-b291-f840d6b21a43,2020-06-08,1,1382,60,15,22,14,9,9,10,0,5,0,9,0,259
389507ad-90e4-407f-9b0f-f2b034b78cf4,2020-06-09,4,1386,63,13,22,19,9,11,12,0,5,0,9,1,260
d15765b8-0b03-4adb-90c4-b18958e7903f,2020-06-10,6,1392,66,15,25,15,11,12,13,0,5,0,11,1,261
b1226143-6a22-418c-be5e-1b2adf70b767,2020-06-11,4,1396,65,17,20,16,12,10,15,0,4,0,12,1,262
909b1c2d-0a50-4f5d-b4b7-c2c005b7c781,2020-06-12,6,1402,69,16,24,18,11,11,17,0,5,0,11,0,262
0fa07843-61da-48de-ba9e-5a8ee1ddb398,2020-06-13,4,1406,67,15,20,20,12,10,17,0,5,0,12,0,262
ff682d4e-98e0-4a10-9400-2b5647124096,2020-06-14,5,1411,68,17,21,20,10,11,15,0,5,0,10,1,263
2d559a7f-16d2-4b78-b823-5275fbea7e18,2020-06-15,11,1422,77,24,24,20,9,8,16,0,3,0,9,1,264
af58fed4-75af-4f34-997c-8d8310d72252,2020-06-16,6,1428,78,22,28,20,8,4,14,0,2,0,8,1,265
17ba0c1a-2a74-4f97-9e54-1b18470c49b9,2020-06-17,7,1435,84,26,28,23,7,6,13,0,3,0,8,1,266
e9c70efc-ea3f-4339-ab05-3bbfb284b04d,2020-06-18,7,1442,83,27,24,22,10,8,11,0,4,0,10,1,267
53bc2ae6-5fe9-4a11-97f1-230f2aaa946e,2020-06-19,7,1449,82,27,23,24,8,7,9,0,5,0,8,0,267
5c2d90d0-7506-49c7-8d30-124d1cbaa51b,2020-06-20,6,1455,80,28,21,22,9,7,10,0,5,0,9,0,267
7078d522-747f-4bc0-8211-4a2ccf02aa0f,2020-06-21,2,1457,74,21,19,25,9,9,10,0,6,0,9,1,268
2bafa908-fd8b-4c69-abdd-55a3a7323c13,2020-06-22,3,1460,75,21,20,25,9,9,9,0,6,0,9,1,269
0d68d6bb-0bf0-4fed-89ec-ae1416a22d5e,2020-06-23,6,1466,77,21,19,28,9,6,14,0,4,0,9,0,269
276bd3d6-877f-4623-a7c1-854a430313bb,2020-06-24,7,1473,78,16,21,28,13,7,10,0,5,0,13,4,273
17850caf-b256-4a1e-9bf8-eea85f7494ad,2020-06-25,1,1474,67,12,18,25,12,9,14,0,5,0,12,0,273
aacd5d3c-2bce-462a-8268-4f6aa7e22ace,2020-06-26,5,1479,64,12,15,26,11,8,18,0,4,0,11,1,274
84687857-485f-4c84-875b-58f8d05b6ee6,2020-06-27,4,1483,61,10,13,27,11,9,23,0,2,0,11,0,274
6c57c08c-1f1c-4183-8bf9-cb8f987cf915,2020-06-28,7,1490,66,11,14,28,13,10,24,0,4,0,14,0,274
b8dcdcd9-49fa-42e1-b2ba-0f9f51dcf2b4,2020-06-29,5,1495,69,13,13,32,11,10,26,0,4,0,11,0,274
1679f4f0-5728-4060-b217-71fe8a8591e4,2020-06-30,4,1499,71,15,12,33,11,8,27,0,4,0,11,1,275
21b1159f-c9d9-4888-860c-dc36609cde58,2020-07-01,10,1509,75,15,18,32,10,10,28,0,4,0,10,0,275
1b47ad7e-e010-4417-a639-a362938c71af,2020-07-02,4,1513,72,11,22,28,11,10,28,0,3,0,11,1,276
4329fbd8-df54-49e4-a427-4c1d32c3936e,2020-07-03,7,1520,71,13,22,25,11,11,28,0,3,0,11,0,276
b5b5e519-8325-46fd-bf03-3e153032ece6,2020-07-04,3,1523,70,15,20,22,13,11,29,0,4,0,13,2,278
30a14a39-4310-4714-8602-c524e12d1522,2020-07-05,9,1532,73,14,24,22,13,13,24,0,6,1,13,2,280
1ad7d899-02c7-487c-9278-01826a1df358,2020-07-06,2,1534,69,11,25,23,10,11,22,0,5,1,10,1,281
bb6cd4c2-59aa-4045-a3fc-1506c26b4b3c,2020-07-07,10,1544,77,14,28,24,11,13,24,0,7,1,11,0,281
7c72bcab-cf63-4623-b589-d65f6dc93b9b,2020-07-08,10,1554,85,17,29,29,10,14,30,0,6,1,10,0,281
abb71828-0777-460e-ab99-1892ebe65a7b,2020-07-09,5,1559,73,10,25,23,15,15,25,0,8,1,15,1,282
e8126412-ce47-4f72-8098-ff0a60afa319,2020-07-10,5,1564,69,12,18,24,15,15,27,0,9,1,15,0,282
c2769c9a-3792-43b7-84fd-07f729445e34,2020-07-11,3,1567,64,11,18,21,14,13,26,0,10,0,14,0,282
cad04d36-56db-498d-b77c-5e4f2118d703,2020-07-12,3,1570,65,8,20,22,15,14,28,0,11,0,15,0,282
d21328fd-4fd8-4f87-b0c8-7db60e3d8279,2020-07-13,8,1578,71,7,23,22,19,14,32,0,11,1,19,1,283
33f081f0-e683-4e27-b790-bf72ee4644ee,2020-07-14,2,1580,71,7,25,22,17,13,34,0,11,1,17,1,284
bdf64c16-92ed-4359-8ed3-8e8dae016833,2020-07-15,13,1593,80,13,28,22,17,12,31,0,11,1,17,0,284
40310bfe-4422-4b00-8a52-eb89ff74fdea,2020-07-16,5,1598,76,15,20,20,21,14,34,0,12,2,21,0,284
5499e967-4d80-41eb-a01b-e2d366cf30ba,2020-07-17,6,1604,74,11,22,21,20,13,34,0,11,2,20,2,286
6e7f5ad1-3b4a-4147-8210-eeddfa65ccc9,2020-07-18,8,1612,74,14,23,18,19,12,33,0,11,1,19,0,286
15667344-b3ac-40c6-a2a9-9dad933922ea,2020-07-19,4,1616,74,11,24,20,19,14,34,0,12,2,19,1,287
5d95146c-db8b-4708-a1b5-dbda32ed2c22,2020-07-20,3,1619,71,12,25,16,18,14,30,0,11,2,18,0,287
2e4f71a3-da94-438b-99fa-fd06acd1b709,2020-07-21,10,1629,78,16,22,18,22,13,30,0,10,2,22,1,288
542feff8-dfda-45f5-90ec-5a75f3837ac5,2020-07-22,17,1646,92,26,27,18,21,12,30,0,10,2,21,2,290
ea9b9c0a-1f26-4502-b1bd-66b0ddb4e216,2020-07-23,10,1656,91,22,25,24,20,14,34,0,10,2,20,1,291
f96371f5-d940-45cd-bf8b-c4bd3ceac1be,2020-07-24,9,1665,94,22,26,30,16,15,25,0,10,2,16,1,292
76a9ab37-6f93-4bef-b1d7-edb200041e84,2020-07-25,9,1674,92,20,30,27,15,14,25,0,9,1,15,1,293
cd19077a-3786-41c7-a900-5233766c81e1,2020-07-26,5,1679,91,20,31,26,14,14,27,0,9,1,14,0,293
2948696c-aa55-4bb5-bb1c-34e20f64a9c6,2020-07-27,22,1701,109,29,37,26,17,16,30,0,11,1,17,1,294
ec8c2a47-79b9-4dae-9c80-b6947ab0f48a,2020-07-28,11,1712,114,30,36,31,17,16,30,0,12,1,18,0,294
6cabd90f-17e3-4aa2-95b9-86380ae57e02,2020-07-29,15,1727,116,27,36,35,18,18,33,0,13,1,19,0,294
b9ac8c66-d1e8-445b-a660-30cb1af96cd2,2020-07-30,12,1739,117,22,35,40,20,18,35,0,14,1,20,2,296
5a6d7aaa-e188-469a-8a26-d1a73282cbb8,2020-07-31,12,1751,114,25,30,40,19,17,32,0,11,1,19,2,298
1e055254-b26e-4c42-929d-6dc0dd446bd0,2020-08-01,8,1759,116,26,35,36,19,15,30,0,10,1,19,1,299
f49bb2fd-48e1-4d86-92a1-31970d01ad35,2020-08-02,3,1762,109,23,34,34,18,15,27,0,12,1,19,1,300
0cbbe17f-a5cd-4d0c-b49a-36617f332d78,2020-08-03,10,1772,113,25,33,39,16,14,35,0,10,1,16,2,302
25f9df74-9bd9-43bb-8a75-1a4edc13cdbc,2020-08-04,14,1786,115,20,45,37,13,14,35,0,9,1,13,0,302
7439652d-afbf-435e-ab25-07d4d5402fbc,2020-08-05,9,1795,110,20,45,30,15,15,24,0,8,1,15,1,303
b4fd5f5a-d294-4723-a599-2076149be6d4,2020-08-06,4,1799,105,19,44,28,14,15,22,0,10,1,14,1,304
2ea7433d-0b8e-49db-9afe-1672b1efab2a,2020-08-07,14,1813,106,16,45,29,16,17,22,0,10,1,16,0,304
f1bf10ab-2ce3-4228-9710-f8b5197eb295,2020-08-08,9,1822,104,17,41,30,16,12,21,0,8,1,16,0,304
2dc0cd49-d25e-4800-a357-5994ee9f8b3c,2020-08-09,13,1835,107,15,48,27,17,20,27,0,11,1,17,0,304
dfabb438-f4f7-4624-a153-bc4b43dd7c2a,2020-08-10,12,1847,113,21,42,27,23,22,29,0,14,1,23,0,304
02eceb83-c94d-4288-bbaf-ed717cb1a9ac,2020-08-11,8,1855,110,17,39,31,23,21,31,0,14,1,23,2,306
a6dfe69d-ee5a-43c0-8dc1-6b782876893e,2020-08-12,13,1868,101,9,36,34,22,22,29,0,15,1,22,0,306
79155d25-5de5-46d7-ba67-d30d16b96b17,2020-08-13,13,1881,106,10,35,38,23,23,30,0,16,1,23,1,307
fad01c00-100f-48b0-922c-8ef07acb3726,2020-08-14,19,1900,113,7,45,37,24,22,33,0,16,1,24,2,309
452efba7-2177-461a-ad33-da2565b421ff,2020-08-15,12,1912,103,6,43,28,26,21,34,0,15,1,26,1,310
17c0fdf9-92e8-43db-959b-69b79caa6ce6,2020-08-16,11,1923,101,6,40,31,24,21,32,0,17,1,25,2,312
1698e12b-c338-490d-99a6-342c04514f79,2020-08-17,16,1939,113,10,50,27,26,22,24,0,18,1,27,3,315
8a745b9a-5a1b-4893-98e1-f4731a0d3c11,2020-08-18,6,1945,103,8,43,27,25,25,27,0,18,1,26,0,315
873e7032-7d1f-45f7-8ab7-a3edb778fe35,2020-08-19,14,1959,108,7,46,31,24,27,26,0,20,1,25,3,318
07d67263-c479-4825-b253-72c1863d125b,2020-08-20,22,1981,116,8,49,35,24,26,33,0,20,1,24,3,321
d283476c-df9f-4d1c-b985-b5da2e5b1220,2020-08-21,22,2003,119,11,46,38,24,24,34,0,18,1,24,2,323
97ea54a5-ede9-49ba-bf8b-e4c33f0bf772,2020-08-22,14,2017,124,8,54,36,26,26,36,0,19,1,26,0,323
3fab7772-a5ae-4ca0-bf3f-4074e4078206,2020-08-23,10,2027,128,10,53,41,24,29,46,0,19,1,24,2,325
e37023ab-15c8-4ea7-b226-cb11140d4008,2020-08-24,9,2036,129,10,48,39,32,33,47,0,21,1,32,1,326
b474e666-7324-4741-8683-80cabd8121e0,2020-08-25,16,2052,131,13,53,33,32,29,41,0,19,1,32,2,328
d9de8bbf-7691-43ac-ba10-f722cc33f718,2020-08-26,15,2067,136,9,62,33,32,31,41,0,20,0,33,1,329
836dd14a-0a73-47e3-aafa-0beb3abd1760,2020-08-27,21,2088,147,12,52,51,32,34,49,0,22,0,33,0,329
18ce4430-707c-49be-ad24-bedd6d31055f,2020-08-28,23,2111,156,9,53,57,37,37,62,0,22,0,37,0,329
26bd07a7-6245-44c5-9bab-6c17d134afe6,2020-08-29,15,2126,155,11,50,58,36,37,58,0,25,0,36,3,332
2a9bd6da-bf62-4824-852c-ee489a4ae9d3,2020-08-30,15,2141,154,7,57,54,36,39,58,0,25,0,36,1,333
52ecffd1-bd39-4ad9-aa48-64f5b9a14dbd,2020-08-31,22,2163,171,8,67,60,36,40,57,0,26,0,36,1,334
20719a72-652e-4464-af55-e781fb47d4f5,2020-09-01,20,2183,178,10,70,57,41,45,60,0,27,0,41,1,335
57c44a2f-0a59-4e58-9f80-e6de54ce3111,2020-09-02,19,2202,180,15,66,57,42,49,53,0,29,0,42,0,335
953e9c84-db47-4c14-837c-a93cbac1b3d1,2020-09-03,36,2238,195,20,74,57,44,46,55,0,32,0,44,4,339
4b22aebb-fcb9-4e01-a153-59f3630bb599,2020-09-04,34,2272,207,16,82,60,49,51,56,0,34,1,50,2,341
eedc14ac-c9f8-499a-8e06-e749962a159d,2020-09-05,33,2305,209,12,78,67,52,49,67,0,34,0,52,4,345
b958cc36-b5f7-4fd8-b6d8-6f553de30968,2020-09-06,20,2325,220,12,81,71,56,52,74,0,36,0,56,3,348
1ab72cf6-b037-48ee-9048-179a6fff958c,2020-09-07,45,2370,256,16,97,78,65,53,85,0,40,0,66,1,349
f6b19eb0-a824-46d5-a95d-35954e978c2b,2020-09-08,27,2397,253,20,84,92,57,50,86,0,37,1,57,4,353
65ced4df-8e8b-4b62-b260-93c0304b35e1,2020-09-09,47,2444,266,18,85,102,61,55,102,0,40,1,62,3,356
ddcec02a-8da7-4c0e-a252-870a70bc4f37,2020-09-10,35,2479,272,15,86,104,67,58,103,0,42,1,67,3,359
dfca9417-21ce-4b4d-bd4e-b84d36b86adf,2020-09-11,57,2536,310,14,114,116,66,62,123,0,44,1,67,3,362
735a74a3-a2cb-48f1-add9-286099dedaaf,2020-09-12,31,2567,283,14,96,110,63,57,118,0,42,1,64,4,366
441d7b4c-7d3a-43d6-9c51-2feec2f0fa9e,2020-09-13,46,2613,305,12,108,120,65,63,131,0,45,1,66,3,369
c3d6b18b-e5d9-4225-a9c3-c203fd4236bc,2020-09-14,52,2665,339,20,124,120,75,70,135,0,42,1,75,4,373
dc5917c4-a79a-438f-a9f4-5731fedc23ba,2020-09-15,78,2743,369,21,152,122,74,70,145,0,42,1,74,6,379
08448640-2402-487f-8d43-525e34543d7b,2020-09-16,73,2816,399,24,161,134,80,74,166,0,43,2,80,7,386
e19c7389-bc96-4737-b6fe-444d837f2f41,2020-09-17,135,2951,495,32,205,167,91,81,193,0,50,4,91,5,391
293db713-a8c7-486a-8851-9fc4c5d0982f,2020-09-18,86,3037,525,41,195,193,96,98,206,0,58,4,97,11,402
5d089f5f-0765-467c-ae01-e0f753d453fb,2020-09-19,74,3111,508,30,188,197,93,112,221,0,57,3,94,6,408
089066fa-5e92-4cfd-b2c2-f6e4b92c269b,2020-09-20,59,3170,532,23,200,203,106,122,233,0,59,3,107,5,413
ca45ef2d-89ba-483b-8d7a-cc76ff928b65,2020-09-21,105,3275,613,32,237,231,113,144,268,0,71,3,114,14,427
4bd3f945-9fd5-4ffe-8f7b-f3cb60cf1f5e,2020-09-22,105,3380,637,42,238,237,120,137,270,0,75,2,123,10,437
749002a9-e80c-46f1-a1c9-1d45eb1f60dd,2020-09-23,138,3518,710,52,258,265,135,147,307,0,80,2,139,19,456
3c88ea49-5839-4b42-88da-9f15c8d03e46,2020-09-24,143,3661,768,52,270,291,155,157,347,0,93,4,157,9,465
f55e14f6-7c46-4e24-bd0c-1f05dfec26d2,2020-09-25,135,3796,825,48,296,317,164,158,382,0,96,3,167,8,473
b0e8a8b9-e0b3-426b-9495-0516e73fd77f,2020-09-26,106,3902,797,33,254,326,184,163,401,0,98,3,187,14,487
60035c9f-8898-4193-8214-b135800d0537,2020-09-27,117,4019,823,33,268,334,188,178,412,0,107,3,193,15,502
e14e3184-a2ce-44cc-b825-91b7baf3090c,2020-09-28,100,4119,845,34,290,324,197,191,443,0,101,2,198,9,511
e45e4278-c646-47e2-8fd2-5a20efb941fc,2020-09-29,188,4307,998,64,350,380,204,197,469,0,109,1,206,18,529
da5f5e3e-3fca-4e57-b457-feca69e126bd,2020-09-30,193,4500,1062,78,365,423,196,196,500,0,111,2,197,10,539
ef4f8dce-c0a9-4086-b59f-a0135e61450d,2020-10-01,200,4700,1164,70,413,449,232,219,535,0,126,3,233,19,558
82ebaff9-e224-4b6e-ac23-348c015e6983,2020-10-02,211,4911,1241,64,439,494,244,225,571,0,127,3,245,18,576
38b546b6-0cc2-4d6b-ab25-c044a21e1050,2020-10-03,148,5059,1209,44,418,484,263,254,600,0,127,2,264,11,587
8ba94fe8-1c85-45dd-b1d0-2d01afe04912,2020-10-04,165,5224,1281,50,421,545,265,268,626,1,130,2,266,25,612
1dc722f7-ebce-491b-bc3e-ca1deebde19a,2020-10-05,296,5520,1488,90,470,614,314,282,692,2,146,3,321,24,636
74370503-4ecf-4beb-b921-78caabdc59d5,2020-10-06,296,5816,1634,117,525,661,331,316,736,2,156,4,336,29,665
7c6aa85e-11d3-4709-9b0c-d2f80f80f5cb,2020-10-07,330,6146,1786,162,539,721,364,346,818,11,173,4,369,42,707
67010b9a-b705-45d5-8acd-8f2142b6a79b,2020-10-08,358,6504,1957,185,607,761,404,358,898,24,175,4,407,22,729
21d122de-4cab-4695-bef4-98a297a2ca38,2020-10-09,362,6866,2149,207,631,898,413,389,965,56,192,5,419,53,782
a9ed4b4f-1224-4bf0-be16-f2d76137e4a8,2020-10-10,277,7143,2168,216,592,923,437,420,1024,63,206,4,442,41,823
61aaacd3-9c06-49fd-8a72-64f6e204f780,2020-10-11,254,7397,2220,200,632,978,410,412,1093,60,193,3,414,35,858
ea713bfb-f69e-466f-accb-252d097c1342,2020-10-12,499,7896,2579,274,805,1032,468,435,1178,66,217,2,475,58,916
4b4b2782-edf2-4232-bd9b-fe7efc4002ef,2020-10-13,454,8350,2692,312,822,1063,495,452,1195,72,234,4,501,47,963
33c0f465-b9ab-4c1a-a774-bca1723410e4,2020-10-14,534,8884,2990,327,930,1212,521,478,1322,73,245,5,523,54,1017
6de30616-297c-4258-b0aa-6fc58baff96a,2020-10-15,501,9385,3207,346,914,1407,540,514,1502,79,269,7,543,48,1065
b023f3e0-3cef-4e6e-b192-6d6cd19576f1,2020-10-16,582,9967,3452,355,1037,1487,573,555,1604,85,290,9,578,63,1128
e26cebca-cbbe-49f1-a8d2-82ae7d1976d3,2020-10-17,503,10470,3552,321,1073,1603,555,573,1672,88,302,10,559,71,1199
d881b427-1dbd-4559-83bf-b43d1902ad43,2020-10-18,483,10953,3713,274,1188,1689,562,598,1775,94,312,12,566,59,1258
803b21cf-70e3-46ea-9d91-d62e8c31ef3e,2020-10-19,697,11650,4154,340,1345,1856,613,622,1897,89,329,14,619,93,1351
c987d92d-dc65-4975-9bb1-6031ab256961,2020-10-20,748,12398,4450,376,1443,1991,640,642,2035,104,344,14,642,88,1439
50f98a2c-caa4-4550-8e76-fcfab1997ce5,2020-10-21,923,13321,4868,452,1600,2114,702,704,2185,119,362,14,709,113,1552
af9c22bf-acf3-402c-96eb-9813febb7910,2020-10-22,840,14161,5107,498,1670,2220,719,751,2325,120,382,13,729,104,1656
087420ad-8d25-4fcb-b505-ba22ff89a6a9,2020-10-23,912,15073,5455,582,1792,2336,745,762,2387,125,379,16,752,114,1770
8f8e8d53-c390-49b1-b106-a647f3a7b9ff,2020-10-24,701,15774,5372,526,1694,2391,761,760,2502,147,377,12,770,119,1889
1a10de6a-4176-4e8f-9ecb-cdbfe2aba9d3,2020-10-25,714,16488,5683,569,1798,2506,810,802,2639,145,387,6,814,125,2014
8ef5898d-5632-4fef-9c94-86f4692621bf,2020-10-26,1086,17574,6200,620,1974,2728,878,884,2844,152,433,5,883,142,2156
42e3354e-35d9-42f0-8b99-8ebbf2e97a3f,2020-10-27,1026,18600,6533,708,2054,2835,936,876,2978,153,457,5,941,162,2318
4161a473-b160-41d4-9680-0211bdba8d66,2020-10-28,823,19423,6573,686,1998,2885,1004,888,3039,178,468,6,1013,145,2463
47335b37-ae1f-4317-bdf2-9dd345a2819a,2020-10-29,1027,20450,7273,865,2277,3095,1036,995,3255,190,523,8,1048,176,2639
bcc8f312-651e-489d-8c3b-bede04433125,2020-10-30,1175,21625,7657,880,2488,3208,1081,1030,3306,192,535,7,1093,195,2834
a5a37684-1c27-467f-9eee-497e424664f9,2020-10-31,694,22319,7333,822,2287,3108,1116,1069,3369,204,561,7,1125,166,3000
9475880b-7134-415b-825e-c59f8e8cf150,2020-11-01,622,22941,7462,809,2271,3240,1142,1118,3452,208,577,7,1144,187,3187
6a95cf50-e418-430a-87e8-1ec6a6751223,2020-11-02,1050,23991,8037,930,2586,3333,1188,1154,3569,224,605,7,1194,193,3380
9a0686ee-9c1b-4626-81f7-ebf39f2fa262,2020-11-03,1035,25026,8136,926,2642,3361,1207,1180,3593,226,627,9,1213,232,3612
3a451045-452c-4dd0-8ac6-1000a6dd3cda,2020-11-04,967,25993,8213,967,2739,3361,1146,1166,3568,226,605,8,1153,197,3809
035cee51-a197-46df-a3cb-00652536ea3c,2020-11-05,859,26852,8224,959,2782,3331,1152,1176,3495,236,596,9,1158,170,3979
cd10d3f4-f2d1-49c6-80d0-d5a61b62177f,2020-11-06,904,27756,8143,912,2787,3277,1167,1212,3437,275,603,12,1172,180,4159
2914d4c6-6a45-47d7-b2b8-0e5c74a607b1,2020-11-07,542,28298,7509,797,2432,3157,1123,1157,3363,271,584,12,1127,179,4338
e323fa15-2efb-40e0-9ed1-e4576f910806,2020-11-08,502,28800,7486,755,2394,3208,1129,1167,3367,282,583,13,1134,171,4509
5f2b5998-1952-4725-9b92-acfeafbf10f8,2020-11-09,847,29647,7783,890,2605,3158,1130,1181,3305,283,609,19,1139,152,4661
64485e12-6d6e-476f-8d92-7bdd461bca96,2020-11-10,838,30485,7596,907,2515,3090,1084,1169,3208,300,604,19,1090,191,4852
e70d0256-1647-410d-9442-8d7be1153fd2,2020-11-11,716,31201,7364,918,2433,2975,1038,1110,2975,292,582,18,1049,163,5015
ac963e79-2715-443d-a22f-7537338a6534,2020-11-12,686,31887,7202,942,2327,2869,1064,1105,2896,321,557,17,1078,153,5168
ebd51845-9de3-4af0-84d1-38e1e0d26cee,2020-11-13,793,32680,7117,950,2335,2786,1046,1101,2755,330,545,16,1060,158,5326
57b9c5bd-7309-4ab7-b9f2-2fbfe1400f2a,2020-11-14,443,33123,6573,836,2095,2617,1025,1068,2634,332,526,15,1036,161,5487
2605157d-e0bb-409c-9656-ebf9c1610f99,2020-11-15,355,33478,6420,788,2058,2562,1012,1045,2560,315,517,15,1020,130,5617
079b1017-288d-43c8-910e-ecb88468f630,2020-11-16,676,34154,6654,891,2250,2550,963,1040,2566,291,503,15,972,142,5759
904355f6-8e1c-4bcc-bbcb-7314b46d8af7,2020-11-17,423,34577,6187,788,2023,2478,898,996,2489,285,470,14,911,114,5873
e25be402-14fb-4639-bfce-ec2a7fe28810,2020-11-18,688,35265,6567,936,2277,2462,892,1007,2450,285,473,16,904,135,6008
bf0b3d0f-fb07-4de0-944f-5b0d126e9ee3,2020-11-19,564,35829,6327,837,2227,2376,887,974,2371,284,465,18,896,112,6120
273ca222-5415-41a9-8d0f-69700a5149a8,2020-11-20,502,36331,6084,831,2114,2311,828,960,2273,279,445,20,836,101,6221
36c2899d-b0be-4617-8fee-75ed8ed944f1,2020-11-21,327,36658,5426,672,1736,2197,821,944,2152,279,449,23,829,118,6339
c39ffb8a-065d-4f8e-9193-476395a389a8,2020-11-22,274,36932,5372,638,1758,2161,815,958,2136,275,446,23,824,100,6439
05e87495-66cb-4872-8dfa-3cc12e892a7c,2020-11-23,555,37487,5725,833,1908,2159,825,950,2163,274,437,21,832,112,6551
889cddbd-38f1-49df-aaa7-c0a7cd352476,2020-11-24,594,38081,5551,815,1856,2085,795,881,2103,278,407,22,804,110,6661
7161a1ed-1283-4de5-8f5d-3386763d76f3,2020-11-25,477,38558,5328,768,1770,2039,751,856,2027,266,390,19,762,105,6766
e46d736e-37df-462b-8102-c50b006ffb70,2020-11-26,450,39008,5173,753,1735,1937,748,843,1935,260,395,18,757,114,6880
fcde62fe-84a5-4324-aada-546be4a945a7,2020-11-27,414,39422,4961,742,1645,1864,710,800,1812,240,369,17,716,119,6999
e900683f-7355-44c7-b9cc-b9fa2acecc2c,2020-11-28,269,39691,4480,566,1436,1821,657,780,1508,232,359,12,661,98,7097
81c83cc0-832e-4594-a72a-a340d8d07577,2020-11-29,289,39980,4546,618,1441,1844,643,765,1547,238,342,12,646,78,7175
9a1239b6-c278-49b6-aad7-99fa03bcbcdc,2020-11-30,507,40487,4839,696,1630,1842,671,791,1541,240,350,11,673,110,7285
82373459-f320-4fe4-98b8-53a16c8b822a,2020-12-01,450,40937,4663,673,1561,1833,596,733,1531,219,322,10,599,95,7380
90c23cd1-f9c3-453e-a136-590adc1592ec,2020-12-02,445,41382,4559,660,1547,1756,596,717,1471,227,309,11,599,99,7479
97a940af-469c-41fb-b2e2-1b691b3bf91a,2020-12-03,499,41881,4536,607,1544,1798,587,718,1465,237,295,11,590,90,7569
aa35d0cb-1928-41a3-99c6-509f00794b92,2020-12-04,498,42379,4475,666,1449,1778,582,715,1496,227,294,11,586,80,7649
94124be5-7b99-46d7-a44b-732037c62651,2020-12-05,280,42659,4109,560,1246,1734,569,692,1482,212,301,11,571,104,7753
c48493d2-6eb4-4be9-8c40-ec41eb6cc11a,2020-12-06,301,42960,4157,543,1294,1759,561,680,1508,219,298,12,564,80,7833
2977abee-168a-485c-b002-7593e112b447,2020-12-07,516,43476,4509,648,1452,1842,567,714,1556,226,293,11,570,85,7918
0f0cd2a3-4c75-48bf-9323-5a4eab4f4584,2020-12-08,468,43944,4406,630,1392,1825,559,702,1528,223,290,8,562,80,7998
4d27d862-491a-460a-81d4-84a2d039ed07,2020-12-09,546,44490,4461,602,1455,1863,541,687,1571,217,281,10,544,73,8071
588b4b60-56e6-4775-949b-85bdff5712c6,2020-12-10,499,44989,4561,605,1532,1861,563,712,1590,215,300,7,566,99,8170
35bfee30-7762-4a3c-9f1b-b59d037022eb,2020-12-11,454,45443,4536,597,1517,1839,583,702,1562,214,313,9,584,99,8269
423c9340-3d62-4d41-a519-6163ce4f0a85,2020-12-12,372,45815,4315,514,1372,1863,566,696,1604,227,307,6,570,86,8355
cdc406f6-66c7-4ae9-9a70-99c371a691b5,2020-12-13,340,46155,4414,503,1410,1922,579,710,1642,221,305,7,582,97,8452
b6d9d5be-0b62-4697-aed3-912ed30d8ab1,2020-12-14,546,46701,4775,680,1523,1964,608,728,1681,246,315,9,611,113,8565
4d4050c2-47c6-4746-b752-9d55665394e0,2020-12-15,573,47274,4747,660,1484,2006,597,725,1705,234,311,9,599,99,8664
74a5c4b3-2013-4bb0-9115-b606c119c900,2020-12-16,489,47763,4715,638,1465,2009,603,735,1690,241,313,9,604,101,8765
8655c20d-eb5b-4f9e-943a-97e52549dd5e,2020-12-17,528,48291,4779,702,1507,1970,600,725,1652,251,304,9,601,96,8861
886c5a59-4ec9-4926-ad5a-1a754f0cde89,2020-12-18,528,48819,4782,690,1519,1971,602,729,1653,254,314,9,603,93,8954
2cf69032-0987-44a2-ad4e-2745c35ac6d6,2020-12-19,334,49153,4483,583,1381,1919,600,746,1645,266,309,10,601,102,9056
3fcc0b98-8d54-4956-9a12-2aaa414d3e36,2020-12-20,375,49528,4579,550,1438,1974,617,755,1680,272,304,11,618,86,9142
36886263-c179-4b44-a816-51868ede6920,2020-12-21,557,50085,4959,688,1641,2000,630,765,1680,275,309,10,631,90,9232
5ba63f4b-5be0-4b55-8e4e-34f919412a34,2020-12-22,634,50719,4937,613,1632,2053,639,770,1715,271,322,8,640,92,9324
1a4ff5cd-2541-4062-8fba-ffde435afca1,2020-12-23,641,51360,4973,625,1577,2101,670,780,1737,277,335,10,672,104,9428
8c6dfa40-bc9c-4c71-bfdf-627be0c1dff5,2020-12-24,370,51730,4310,449,1284,1930,647,749,1647,279,322,10,648,99,9527
444fcb2c-4796-4f86-817f-bbbcafba4a00,2020-12-25,471,52201,4386,446,1275,2006,659,769,1751,282,332,8,659,88,9615
07864faf-2cf9-46d5-a834-1cb1efc3bee2,2020-12-26,528,52729,4651,436,1378,2135,702,806,1864,300,351,10,702,116,9731
39b01bf7-c1d3-4887-8589-c9666296d8a2,2020-12-27,560,53289,4966,458,1481,2294,733,846,1990,307,369,12,733,100,9831
b0d97198-6d39-45cd-9852-485122876f2f,2020-12-28,873,54162,5726,581,1700,2660,785,906,2299,330,391,14,786,120,9951
eadd3f96-ece0-4788-a31f-81bea30b8e09,2020-12-29,931,55093,5977,588,1796,2744,849,941,2359,371,412,15,850,123,10074
2678463e-61c0-458a-833c-0e1d474d4fd3,2020-12-30,810,55903,6142,574,1832,2871,865,956,2482,369,426,18,866,140,10214
17ecc532-7199-435a-9bff-f525061e1a6f,2020-12-31,769,56672,6163,563,1816,2902,882,974,2503,384,435,18,883,115,10329
3e9c563f-e09c-4a0c-a4e7-7abc291575df,2021-01-01,580,57252,5669,436,1501,2837,895,951,2502,403,435,15,896,143,10472
c2ae854d-31e4-4a12-ae43-beb7d32ef4d6,2021-01-02,691,57943,5973,428,1622,3022,901,962,2688,394,456,16,902,134,10606
2b00e7b6-bad1-4b12-a56b-23edc1e7de19,2021-01-03,652,58595,6286,448,1737,3162,939,1008,2804,402,475,18,940,125,10731
b48ebfcb-1711-4fb7-ad0c-4d5a8395a1c5,2021-01-04,998,59593,7224,631,2113,3480,1000,1093,3027,426,512,20,1000,133,10864
0a1be8f8-bf9a-407a-8452-bd550ec54aa9,2021-01-05,1010,60603,7412,660,2208,3495,1049,1114,3057,454,535,19,1049,158,11022
6344c1a8-078d-408d-8cb5-f5a3861f8d7a,2021-01-06,908,61511,7404,575,2205,3534,1090,1153,3088,474,555,20,1091,144,11166
f4154b64-150e-48e5-bf4d-356ca0e1002a,2021-01-07,925,62436,7562,642,2210,3581,1129,1150,3085,488,564,22,1130,174,11340
66fccacd-5474-453d-b013-cfbdead8f5ea,2021-01-08,806,63242,7351,641,2172,3411,1127,1143,2943,535,534,21,1128,181,11521
a2dd51db-0890-4caa-8906-74fdf66577ad,2021-01-09,586,63828,6774,492,1831,3356,1095,1150,2975,517,530,20,1095,153,11674
0b30ffe3-7c83-4616-8111-a2db0f1f93c3,2021-01-10,545,64373,6881,491,1907,3361,1122,1177,2985,522,549,20,1122,160,11834
1e866d81-9c5d-43b3-a200-cacf3c49e2a7,2021-01-11,858,65231,7427,689,2128,3439,1171,1190,2987,544,566,20,1171,150,11984
0c3aa7d1-366c-4338-b81a-8a1157066b1a,2021-01-12,856,66087,7484,721,2072,3532,1159,1179,3058,520,565,17,1159,160,12144
1fb0f701-be79-40a9-a664-111d8135e8c8,2021-01-13,695,66782,7313,683,2084,3398,1148,1175,2976,512,571,13,1149,153,12297
7ff66fd6-4068-4df5-a5a7-171437fabb6d,2021-01-14,663,67445,7234,699,2012,3371,1152,1186,2932,495,589,14,1152,169,12466
dbd0e350-5851-40d5-91a3-fb5c6524c466,2021-01-15,717,68162,7153,736,1982,3284,1151,1177,2879,487,601,15,1151,157,12623
28496acc-43ac-444d-b868-67641ec7a263,2021-01-16,451,68613,6533,582,1687,3121,1143,1168,2765,494,591,16,1143,135,12758
42481cc3-8d51-406e-b866-9ac6fcde4545,2021-01-17,406,69019,6506,590,1717,3072,1127,1139,2751,486,597,14,1127,140,12898
f1c40749-0f1f-4939-a089-c223d67e3242,2021-01-18,702,69721,6969,766,1959,3111,1133,1163,2706,486,594,15,1133,144,13042
65cf33bd-6e28-4616-a54d-05fc1fddd1b8,2021-01-19,703,70424,6701,709,1895,2989,1108,1144,2643,484,584,15,1109,138,13180
d09eee07-51e2-47cb-983a-ae1fffdc1ef8,2021-01-20,678,71102,6538,619,1833,2986,1100,1119,2600,491,565,16,1100,139,13319
1005d2e3-349b-457e-9138-2bd2f671b0dc,2021-01-21,580,71682,6408,627,1752,2955,1074,1112,2593,486,558,19,1075,137,13456
ad09c222-c456-4af2-9811-2592fa34f33b,2021-01-22,610,72292,6391,604,1760,2928,1099,1114,2561,489,541,17,1099,124,13580
281af91a-4f36-4fa2-a5bd-c26656bef295,2021-01-23,453,72745,5876,453,1523,2826,1074,1094,2527,483,536,19,1074,128,13708
bb8164ba-7138-4f0a-93c8-ee2a90b28752,2021-01-24,382,73127,5913,441,1555,2853,1064,1059,2528,463,539,18,1064,130,13838
5af45079-1fbb-47b2-b304-e7ed0672ef0d,2021-01-25,660,73787,6338,603,1817,2875,1043,1084,2550,467,541,17,1043,126,13964
3cfa9b3c-3132-4216-87a6-5a209a56b6af,2021-01-26,644,74431,6306,575,1770,2919,1042,1047,2532,444,548,15,1042,134,14098
495dd0b3-8fa7-4e9f-842b-f7f6260b3433,2021-01-27,586,75017,6159,576,1742,2833,1008,1039,2427,424,549,17,1008,145,14243
ede3bad3-90e8-4843-aeca-c8ad44436dc6,2021-01-28,558,75575,6042,570,1708,2760,1004,1018,2370,423,543,16,1004,119,14362
ec4bb91c-ccc9-4daf-ac32-df261ff9f050,2021-01-29,616,76191,5978,570,1708,2721,979,1020,2352,425,515,16,979,145,14507
9bf5cb07-7471-4d9f-b9fb-f4de6eef9146,2021-01-30,425,76616,5517,422,1424,2711,960,1022,2387,392,521,16,960,106,14613
d6f7afab-0fca-49ae-9f18-3e8b09199592,2021-01-31,386,77002,5561,417,1457,2718,969,1040,2383,400,528,17,969,105,14718
94e16ffc-d477-4dbd-ab51-2523d45eccb9,2021-02-01,741,77743,6100,550,1690,2838,1022,1078,2467,427,545,19,1022,116,14834
6be869ab-cb1b-4189-a18e-06b76305a6a5,2021-02-02,637,78380,5988,485,1697,2773,1033,1090,2402,457,531,17,1033,124,14958
f3c1f16d-6237-4b19-8d0c-5c12c110ca23,2021-02-03,617,78997,5960,483,1672,2789,1016,1076,2425,452,530,16,1016,124,15082
a765d09a-2007-429a-8b79-88b78c830d8b,2021-02-04,642,79639,5999,495,1677,2796,1031,1102,2405,448,547,17,1031,118,15200
e6e11a76-fa1a-4c87-abb7-f50b6b3bbb9b,2021-02-05,591,80230,5984,504,1689,2748,1043,1087,2376,462,540,17,1043,110,15310
defdee34-4152-4347-8a7f-2e2e10fb922c,2021-02-06,476,80706,5651,406,1503,2699,1043,1070,2355,461,526,17,1043,119,15429
89793e0c-bf75-4faf-9267-badadf0f7b1d,2021-02-07,434,81140,5791,448,1526,2764,1053,1098,2418,455,545,14,1053,113,15542
d0f8d1e8-74c8-4458-9bf3-2023d4aec7cc,2021-02-08,689,81829,6230,568,1725,2848,1089,1107,2478,481,539,15,1089,125,15667
4073bcf5-b278-461e-bd30-a358f5beb973,2021-02-09,657,82486,6154,581,1621,2859,1093,1094,2499,510,526,12,1093,119,15786
ab6b90d5-302a-4eae-9df3-467ec5f27026,2021-02-10,637,83123,6083,545,1668,2775,1095,1111,2432,516,524,13,1095,119,15905
b080f49b-8fb2-4b87-96d3-9352984169f6,2021-02-11,632,83755,6062,544,1603,2804,1111,1117,2465,516,546,16,1111,120,16025
96e7b2d4-cf2f-42e6-b734-bae0afd9974c,2021-02-12,615,84370,5995,536,1592,2763,1104,1115,2412,502,558,15,1104,130,16155
49350a74-e6c1-44a8-84cd-3197f9b4ba09,2021-02-13,477,84847,5680,390,1362,2824,1104,1108,2481,518,563,16,1104,100,16255
e2e5f2f8-a989-4329-9be8-2134456842ad,2021-02-14,537,85384,5891,388,1394,2961,1148,1148,2599,542,581,14,1148,128,16383
beb5e31f-256f-4e7f-8ed0-6ff91310ae4f,2021-02-15,726,86110,6388,505,1626,3059,1198,1174,2634,594,571,16,1198,109,16492
5f7003e3-286e-4f37-9aa4-eb32042c5587,2021-02-16,764,86874,6421,514,1609,3066,1232,1217,2670,595,596,17,1232,136,16628
68b90369-f638-4966-9910-aceb4a5cf7aa,2021-02-17,800,87674,6500,458,1625,3141,1276,1245,2733,619,609,17,1276,120,16748
6e85677d-f117-4be6-a5df-a4a50a8fe64a,2021-02-18,732,88406,6611,435,1688,3198,1290,1270,2777,620,618,18,1290,160,16908
a594951a-a26c-4651-822e-8d8bb0e94b73,2021-02-19,780,89186,6615,437,1734,3143,1301,1273,2696,625,636,16,1301,166,17074
176b58d3-2ec0-4927-9da7-d3e43129f145,2021-02-20,561,89747,6214,351,1468,3099,1296,1270,2705,601,656,16,1296,156,17230
09973904-b8c7-4440-a81e-60149dfcbbab,2021-02-21,595,90342,6419,393,1492,3220,1314,1287,2823,615,664,17,1314,133,17363
f37e799c-32f0-41e3-9488-e81f310ff807,2021-02-22,921,91263,7114,500,1756,3462,1396,1364,3019,678,681,21,1396,146,17509
1f88d804-914a-4260-be4e-0054404dcabf,2021-02-23,853,92116,7148,479,1760,3475,1434,1391,3040,717,693,24,1434,135,17644
09cd1801-f9a9-490b-b7ad-f5ae04e21e95,2021-02-24,846,92962,7238,445,1829,3500,1464,1410,3048,735,680,25,1464,133,17777
5688d624-ddab-4cc9-988d-4be777efffa6,2021-02-25,921,93883,7463,438,1889,3577,1559,1464,3059,780,728,27,1559,162,17939
d94b9c19-9ed5-43c2-8731-411032012f6a,2021-02-26,908,94791,7569,465,1918,3654,1532,1440,3144,758,721,26,1532,181,18120
145f6f88-f089-42e1-831a-07f2d1d3b74a,2021-02-27,716,95507,7259,360,1583,3768,1548,1471,3252,775,716,24,1548,167,18287
38db8f2d-6bd3-4bb0-9863-e444dbbb31dd,2021-02-28,650,96157,7525,365,1670,3909,1581,1508,3389,781,742,17,1582,164,18451
e6aa49c3-d668-4377-b752-90fb044e875a,2021-03-01,1156,97313,8340,495,2024,4155,1666,1588,3598,828,782,19,1667,188,18639
472dcbce-4c4d-48de-bed0-10e1a3facc59,2021-03-02,1050,98363,8524,514,2062,4227,1721,1598,3643,854,800,17,1721,182,18821
40fe4edc-f20e-4c59-9606-209ea4dfd01a,2021-03-03,866,99229,8476,507,2044,4179,1746,1628,3620,865,808,17,1746,185,19006
0f32c29a-a5bb-4daf-a412-4c5ac1eec217,2021-03-04,924,100153,8482,502,1928,4273,1779,1657,3703,871,831,20,1779,202,19208
06dc2d4c-7653-4b9d-96b8-cde87efea6f8,2021-03-05,906,101059,8544,500,1961,4309,1774,1674,3733,864,845,22,1774,174,19382
5dd79ee3-83f5-4e96-b787-dcffb1d3e8ea,2021-03-06,747,101806,8191,383,1677,4360,1771,1676,3815,864,855,23,1771,189,19571
5125f0cf-2e72-475c-ab45-ffb15375e007,2021-03-07,713,102519,8416,359,1802,4434,1821,1681,3904,891,875,24,1821,180,19751
6b2b6157-0063-4011-bbab-22c47730f6cf,2021-03-08,1044,103563,9091,508,2147,4533,1903,1777,3957,918,923,32,1903,214,19965
215a05ca-927d-452d-8381-08e9318e5217,2021-03-09,980,104543,9056,473,2078,4571,1934,1804,3970,969,912,27,1934,211,20176
07914332-f6bd-4360-9f9b-f1262145edba,2021-03-10,1031,105574,9076,460,2077,4558,1981,1832,3980,1003,919,32,1981,209,20385
12817ca6-6179-476b-a565-cc8656ab3701,2021-03-11,932,106506,9044,463,2062,4526,1993,1822,3952,1015,919,35,1993,212,20597
541941de-f8e4-475b-b753-2e71a37f1d02,2021-03-12,973,107479,9012,471,2111,4431,1999,1833,3885,1008,930,33,1999,201,20798
6e48608a-222f-42b6-bb38-876b681d6783,2021-03-13,745,108224,8609,367,1777,4490,1975,1783,3995,1004,913,33,1975,160,20958
faf42a0d-0ec2-406a-a743-192354f09ed7,2021-03-14,656,108880,8823,380,1840,4573,2030,1829,4061,1031,939,31,2030,211,21169
b177a8e6-00e9-4e76-90c6-57486fe9085e,2021-03-15,1035,109915,9551,534,2191,4772,2054,1886,4207,1055,944,30,2054,216,21385
adfc61a0-6c0b-4f46-ba28-3d95107e440b,2021-03-16,924,110839,9412,486,2171,4689,2066,1896,4119,1050,930,36,2066,203,21588
3e7ac263-478c-42a0-9118-752f1d7513a4,2021-03-17,875,111714,9242,505,2087,4612,2038,1861,4042,1056,926,35,2038,177,21765
eaf27482-cc8f-49f4-87c5-76474051b1e2,2021-03-18,811,112525,9039,464,2067,4490,2018,1859,4016,1029,951,33,2018,199,21964
2d8d0d9a-f290-49dd-9bc8-5bf951a5d209,2021-03-19,808,113333,8845,471,2021,4358,1995,1819,3814,1011,945,34,1996,156,22120
4ee85bff-26f6-40e5-a391-a96166b45dcf,2021-03-20,562,113895,8280,368,1734,4208,1970,1781,3740,998,938,28,1970,161,22281
632bf175-c103-4bce-8e1f-79c903854416,2021-03-21,564,114459,8387,346,1791,4285,1965,1805,3816,987,934,29,1965,174,22455
60a0b120-eee6-4556-a356-318948fc6ea5,2021-03-22,937,115396,9037,514,2154,4383,1986,1824,3836,961,974,27,1986,194,22649
a9f940de-677d-4267-b88a-b3e7a5d14465,2021-03-23,765,116161,8690,485,2057,4236,1912,1775,3702,918,932,25,1912,179,22828
03ab9d55-b356-49bf-9ba2-cfb35437b1de,2021-03-24,745,116906,8366,414,1998,4067,1887,1743,3558,902,924,21,1887,170,22998
e51a8a2d-0ef4-4240-a078-098f9daf1d95,2021-03-25,729,117635,8206,411,1938,3982,1875,1742,3488,929,911,25,1875,144,23142
8546cedb-9c02-400a-bdda-35660ab7d788,2021-03-26,711,118346,8083,433,1966,3848,1836,1677,3352,873,911,28,1837,137,23279
fb2f362d-4fc9-42f8-8bc5-99a82219f264,2021-03-27,564,118910,7559,327,1593,3834,1805,1644,3377,879,878,28,1806,166,23445
abd0a4d8-5117-4100-b332-443dc4ecba7a,2021-03-28,495,119405,7611,303,1676,3868,1764,1655,3407,876,862,26,1765,107,23552
1ad1f2ef-d2ff-4c20-bea5-a8663c37a0bc,2021-03-29,791,120196,8156,468,2032,3885,1771,1665,3379,871,863,28,1771,166,23718
03e873e5-84ab-455f-aa83-708dee83821d,2021-03-30,658,120854,7878,436,1909,3810,1723,1613,3300,856,837,28,1723,158,23876
9a192882-5350-4f1b-bb86-20d27b989ab6,2021-03-31,655,121509,7556,458,1826,3657,1615,1553,3168,775,810,25,1615,145,24021
0ed4b5ef-23b2-4b53-8655-de262656a1ef,2021-04-01,619,122128,7243,436,1789,3465,1553,1505,3017,741,785,24,1553,138,24159
d9967b9f-625a-42d9-983f-3678e991a217,2021-04-02,507,122635,6413,331,1436,3207,1439,1422,2829,668,759,28,1441,97,24256
696aee35-fe22-4c04-83e9-4e8ad411cb1e,2021-04-03,475,123110,6256,279,1402,3151,1424,1398,2786,678,721,28,1426,113,24369
845b7eea-d63e-4316-b21e-15154569ced6,2021-04-04,444,123554,6352,264,1489,3194,1405,1378,2843,663,711,31,1407,123,24492
8f9c22ee-4264-438c-85aa-c15bab7e99df,2021-04-05,367,123921,6418,273,1534,3230,1381,1346,2855,654,705,29,1384,109,24601
57e0b0c1-5977-435d-8722-8054f71fd473,2021-04-06,640,124561,7098,421,1774,3481,1422,1394,3056,665,726,26,1428,103,24704
1364294b-190b-490e-81e2-c971dfa5a550,2021-04-07,518,125079,6744,386,1641,3333,1384,1359,2878,634,700,23,1388,114,24818
aa160cbf-9b70-4263-8244-508efc49302b,2021-04-08,433,125512,6265,355,1493,3107,1310,1315,2699,607,668,23,1313,114,24932
c42ea1fa-adc0-441f-b948-30baeff2d15f,2021-04-09,482,125994,5950,355,1507,2853,1235,1235,2431,571,625,24,1237,103,25035
f361e751-766d-4e92-a802-e21c271a317a,2021-04-10,304,126298,5311,241,1195,2683,1192,1214,2339,556,601,22,1195,96,25131
ed7d3300-3d58-4aba-b257-ef4716189ff4,2021-04-11,283,126581,5264,255,1176,2679,1154,1196,2353,517,600,20,1156,78,25209
0b94f5a3-d751-491b-8f3b-5f4958be1070,2021-04-12,416,126997,5562,347,1389,2678,1148,1184,2348,515,593,21,1151,77,25286
d83e54f6-7905-407e-81e9-31aac63db95c,2021-04-13,375,127372,5249,336,1286,2548,1079,1153,2250,480,568,18,1082,80,25366
c1610fde-3556-42e3-88b0-cd882bc35f7b,2021-04-14,390,127762,4945,306,1177,2417,1045,1110,2116,481,535,17,1047,84,25450
c70ee9a4-6da3-4a10-8a8a-99af43a49a2f,2021-04-15,351,128113,4687,314,1162,2228,983,1035,1942,437,518,18,986,78,25528
d2179e55-45c2-4693-b88e-b147f2b1a6c4,2021-04-16,343,128456,4435,326,1110,2058,941,1012,1790,414,513,18,944,59,25587
26009c70-be4a-4383-9a1b-be45d19fa2c0,2021-04-17,263,128719,4037,196,931,1999,911,975,1761,408,485,18,914,63,25650
a3bec9fe-97ef-4140-a6f1-2363f09528d4,2021-04-18,234,128953,4049,185,973,2002,889,975,1765,388,491,19,892,69,25719
8869e5c5-916a-47be-bdcd-961e9b8a7f29,2021-04-19,354,129307,4327,246,1105,2076,900,992,1820,395,488,22,904,68,25787
cb6a004f-8e08-47fa-9d13-37b7a062ae2c,2021-04-20,330,129637,4164,274,1052,1980,858,942,1721,377,471,18,862,55,25842
5feb682d-1eff-4565-b2e7-119fdebe8d28,2021-04-21,337,129974,4004,258,1016,1874,856,908,1626,376,460,20,859,59,25901
482360a0-4188-4655-b30b-feb0b7daacd9,2021-04-22,261,130235,3771,267,902,1804,798,839,1538,353,420,21,802,51,25952
761c9206-75e3-4163-be20-7ea8750a44c5,2021-04-23,253,130488,3552,222,900,1670,760,792,1434,336,406,19,762,50,26002
29fb3cf3-2180-41ca-a264-f2fa01223096,2021-04-24,166,130654,3205,165,752,1556,732,755,1367,329,379,17,734,50,26052
4dba880f-05cb-491f-b9f3-aaf8faf5575b,2021-04-25,169,130823,3196,170,759,1547,720,763,1362,328,373,15,722,51,26103
74a2f7f9-d732-4664-979d-905db8b1c642,2021-04-26,263,131086,3346,242,899,1512,693,741,1304,315,362,14,694,54,26157
1d641621-a78d-483a-baae-e68fb9cb01d8,2021-04-27,250,131336,3173,218,818,1473,664,716,1281,282,361,17,666,46,26203
9d01b336-3a12-4d67-aa54-b6c74b215e76,2021-04-28,231,131567,3025,211,774,1430,610,689,1239,261,335,19,612,61,26264
334c50e0-01ac-457a-9475-124a7d4d92cd,2021-04-29,243,131810,2855,189,715,1387,564,640,1183,239,303,19,565,39,26303
57351c36-23a9-45d7-95b3-0af08ad12275,2021-04-30,205,132015,2698,171,700,1313,514,580,1133,216,278,18,515,43,26346
dd7c341b-566f-46fa-9158-93ac0a95e4a1,2021-05-01,158,132173,2485,130,586,1275,494,555,1137,219,262,17,494,31,26377
4b1c173f-4acb-467a-90ba-0f477e7519bb,2021-05-02,147,132320,2510,137,611,1276,486,559,1130,208,267,18,486,32,26409
05222d34-e336-4b60-ba9a-5f962e808c64,2021-05-03,255,132575,2706,196,707,1311,492,564,1126,215,263,14,492,34,26443
f3f35ba8-8336-4dba-9ebe-310b84124b3a,2021-05-04,172,132747,2554,171,662,1239,482,545,1060,215,250,15,483,43,26486
5bc8cb7e-df46-4abd-841f-1ae4bcf6b8a4,2021-05-05,182,132929,2379,147,614,1186,432,503,1000,184,232,16,433,32,26518
44fbf2f9-f5ae-4c2f-bf4f-41e1df3d25c4,2021-05-06,171,133100,2241,154,587,1103,397,464,929,175,218,17,398,36,26554
367fda53-1118-4203-a80b-8b35c0fbf4a7,2021-05-07,176,133276,2145,171,579,1013,382,439,860,174,199,13,383,25,26579
177332a3-de74-462d-a53d-195db60b9b8c,2021-05-08,92,133368,1900,120,450,963,367,412,818,171,184,12,368,29,26608
93785240-62c3-471f-8843-4a23e57c700e,2021-05-09,102,133470,1882,117,437,958,370,416,821,170,181,11,371,30,26638
a466c292-e360-4518-b76d-610c8f8a50d6,2021-05-10,176,133646,2006,155,564,921,366,424,784,168,184,11,367,29,26667
8b9b040f-811f-4bbf-9661-e0b6d5da2877,2021-05-11,139,133785,1852,137,502,866,347,401,736,168,164,10,349,28,26695
9f64fb8f-b22d-4c61-aa9e-ac36782a1224,2021-05-12,138,133923,1740,155,466,791,328,379,664,163,155,9,330,30,26725
0cfa472e-09d0-4254-a7ec-2c82b7ad7b92,2021-05-13,121,134044,1644,126,452,749,317,369,642,151,153,8,319,19,26744
83cbc3ea-305f-4d9e-b181-690702dbea98,2021-05-14,105,134149,1556,117,421,729,289,343,622,141,138,8,290,16,26760
3c8df9e1-068b-433b-8d1f-242f980d42d3,2021-05-15,65,134214,1352,87,354,650,261,308,561,127,121,8,261,14,26774
b09d1b32-49df-4c40-a650-94acfa1652db,2021-05-16,65,134279,1338,81,357,645,255,305,557,124,121,7,255,12,26786
49c45a06-6e88-40c8-854e-6bb988533088,2021-05-17,103,134382,1417,96,436,648,237,296,529,111,112,6,237,19,26805
13f333ba-d1b4-4974-b36a-4209d0866a17,2021-05-18,80,134462,1277,87,384,584,222,278,477,105,106,6,222,13,26818
1726d5f3-6ccc-4d89-b233-d7e7c732ac85,2021-05-19,69,134531,1168,80,342,533,213,250,438,105,99,6,213,16,26834
59952b5d-8ee2-4842-abe9-1edd84cc02e6,2021-05-20,68,134599,1080,91,312,491,186,219,407,89,91,5,186,15,26849
33e7c904-cd81-423a-a417-fa5b8b3c4727,2021-05-21,77,134676,1030,88,298,469,175,193,396,91,75,4,176,13,26862
3e376eeb-a764-4964-8e80-f8c1f8d403fe,2021-05-22,35,134711,884,56,229,433,166,190,376,87,70,3,167,9,26871
4027e935-2a0d-409d-84bb-690292169b39,2021-05-23,29,134740,865,64,218,425,158,188,362,84,67,3,159,11,26882
c4ffae82-a372-452b-9692-c5679d3c814e,2021-05-24,57,134797,897,83,263,394,157,184,319,82,65,4,158,6,26888
b8cd5987-63d8-4da7-81fa-eb79492d3858,2021-05-25,59,134856,803,77,201,390,135,163,316,67,61,4,136,8,26896
f5c2f513-19aa-443a-b326-0b17f66ddfa6,2021-05-26,61,134917,775,77,213,357,128,155,296,58,63,3,129,10,26906
3305b750-f59c-42ab-a5f4-e0a24e8255df,2021-05-27,38,134955,679,60,181,318,120,146,269,57,59,3,122,14,26920
29521d90-e795-4375-b76a-63727fe81fe0,2021-05-28,40,134995,625,56,185,285,99,126,243,43,54,3,101,5,26925
a102b02c-6296-4870-a2ba-3f267c91c26e,2021-05-29,19,135014,522,40,146,238,98,113,204,47,43,4,100,5,26930
283b4e57-3588-4578-89f2-14f48bd45dc9,2021-05-30,27,135041,520,46,155,227,92,113,198,45,43,4,95,4,26934
1038b7e4-3eba-4cdc-8ea2-7178232e44be,2021-05-31,41,135082,558,66,179,214,99,118,182,46,46,4,102,7,26941
7d68079d-83b5-47d0-8946-b7b656fb08bc,2021-06-01,28,135110,480,51,151,195,83,98,158,33,43,3,85,5,26946
2ff7cf12-bd02-4a8c-9e18-83fd3baab45a,2021-06-02,38,135148,445,41,152,175,77,91,140,33,40,3,80,4,26950
538340c8-a482-4dc1-bbf7-79729d06cb01,2021-06-03,20,135168,396,43,129,151,73,86,121,34,36,3,75,2,26952
f1fb8e92-5e1f-4387-b383-b6eee567aa33,2021-06-04,28,135196,369,41,127,139,62,72,113,27,30,2,64,6,26958
20772a22-528d-40a4-aa6d-05d1d3577c09,2021-06-05,15,135211,304,27,100,125,52,60,105,25,22,1,53,1,26959
7ee0aaed-41af-4d5c-a21a-54267cbe3e53,2021-06-06,12,135223,304,26,104,122,52,61,104,24,20,1,53,4,26963
b7f128f2-695e-4d44-b5b5-adaf8033ec08,2021-06-07,14,135237,306,32,110,119,45,58,100,22,19,1,46,3,26966
d9ada629-33d0-4128-82aa-b8504a2efdac,2021-06-08,23,135260,290,32,88,127,43,59,108,20,19,2,44,5,26971
10b5b2e5-3e7a-4974-b8f4-2078adc9632b,2021-06-09,15,135275,262,24,82,117,39,56,94,19,17,3,40,2,26973
b2d06f49-53df-4d69-b0e1-6c6d7c62befb,2021-06-10,18,135293,239,27,77,99,36,53,80,17,15,2,37,5,26978
441fa810-5c8b-4c11-8388-74113be050c7,2021-06-11,10,135303,190,23,68,77,22,38,61,10,9,0,22,1,26979
2df87fef-109b-4dbd-bb27-6e0cd98c803f,2021-06-12,8,135311,163,15,53,70,25,38,53,11,10,0,25,3,26982
589e0d24-1bd6-4c5a-9dcd-20398b0be98d,2021-06-13,5,135316,155,13,54,65,23,35,52,10,11,0,23,2,26984
65a91e24-7a04-4c7c-bc35-2b7de9ac4217,2021-06-14,9,135325,171,19,60,66,26,37,55,11,11,1,26,0,26984
b32757d3-aabe-435c-aabf-86ae47514a2d,2021-06-15,9,135334,144,21,43,61,19,27,47,8,9,1,19,3,26987
4046a655-6759-45cf-90f1-a431a5bcab93,2021-06-16,6,135340,123,20,35,53,15,25,42,4,9,1,15,1,26988
afc598b3-a17c-4922-957a-dba556b988c2,2021-06-17,24,135364,122,24,27,54,17,24,41,5,9,1,17,4,26992
32968f6c-bbef-48f9-80ad-72a43fbf6c29,2021-06-18,8,135372,114,26,28,42,18,22,31,6,11,0,18,3,26995
cac0c896-d247-48f4-b743-8ff9610a887b,2021-06-19,10,135382,91,13,26,39,13,18,31,4,9,0,14,0,26995
470ebd36-50fe-47a3-b425-c0cf6526b395,2021-06-20,2,135384,89,13,26,38,12,20,32,3,9,0,13,1,26996
34125bb4-0f3b-4dd9-8788-9f58967b2fe3,2021-06-21,8,135392,94,18,28,35,13,18,32,3,10,0,14,0,26996
751441b4-97e3-47dd-a8d9-c977a3faa8a2,2021-06-22,7,135399,90,18,26,32,14,17,27,4,9,0,15,2,26998
eb8b6a8d-938f-4b64-9055-9172cd27a4f5,2021-06-23,7,135406,87,19,21,36,11,14,27,4,7,0,12,0,26998
1ae73a5f-9c3f-41cd-a201-08605d7df7b4,2021-06-24,4,135410,84,21,22,28,13,16,22,4,8,1,14,2,27000
9b1a2dda-15bd-4cf1-b2ee-fbc35a6be16e,2021-06-25,6,135416,70,20,24,16,10,16,9,4,7,0,11,1,27001
f886b7ce-42f9-4690-938e-f92bb9340657,2021-06-26,2,135418,58,17,17,14,10,13,9,4,7,0,11,2,27003
2c3efb2a-00c7-4f97-ba5b-499c9fa2cdbd,2021-06-27,2,135420,59,17,18,16,8,12,11,2,7,0,9,0,27003
7117e0c5-7398-4509-9f00-d3c06eed19b9,2021-06-28,7,135427,65,18,21,17,9,14,11,2,8,0,10,0,27003
7ff0b95e-8c54-444f-b6df-0efe589b7012,2021-06-29,2,135429,60,16,19,14,11,15,12,4,6,0,11,0,27003
5962c8e2-0df0-4a51-92df-d6ac4b802ac1,2021-06-30,10,135439,60,16,20,14,10,13,9,4,5,0,10,2,27005
2f76bb8a-4220-49b9-b074-ebc859e399ac,2021-07-01,4,135443,50,12,13,17,8,14,11,4,4,0,8,1,27006
99910ca0-698e-451e-b6cb-f030276525cb,2021-07-02,2,135445,41,14,8,13,6,7,10,2,3,0,6,1,27007
67d00a52-d769-4b19-89c0-1bc7a9ac6647,2021-07-03,2,135447,30,8,5,12,5,6,9,2,3,0,5,0,27007
65351b43-43f3-4bbf-b5e0-fc6190d3d597,2021-07-04,3,135450,33,8,9,12,4,7,9,2,2,0,4,2,27009
a24e4286-dea9-44d7-ba3e-d2f1e708001e,2021-07-05,2,135452,35,7,10,14,4,11,10,3,1,0,4,0,27009
65e9cbdc-a31f-4fd0-ac40-08e429d4a531,2021-07-06,0,135452,34,8,10,12,4,11,6,3,1,0,4,0,27009
73c49964-b456-42d2-9f74-d547e4c0e0c6,2021-07-07,8,135460,44,12,9,20,3,12,12,2,1,0,3,1,27010
2586f6d6-d643-4ec2-b42e-0edf18fc25ee,2021-07-08,4,135464,41,9,12,16,4,11,7,2,2,0,4,0,27010
d32e062f-b1c9-40e9-80d1-e6af11df7731,2021-07-09,5,135469,37,8,11,14,4,8,10,2,2,0,4,0,27010
238b76c0-9562-41dd-81c1-d55e1f34c1e3,2021-07-10,3,135472,26,5,6,12,3,7,10,1,2,0,3,0,27010
c35bfc67-2331-4f94-b731-d6fdf2e8cae7,2021-07-11,5,135477,26,3,6,15,2,8,12,0,2,0,2,0,27010
9f1d7b09-e750-4358-9f0b-3b4ef650d49c,2021-07-12,8,135485,35,3,10,19,3,9,16,1,2,0,3,0,27010
fbaf4482-e1be-454a-b278-6534980a0a29,2021-07-13,0,135485,33,5,10,15,3,8,14,1,2,0,3,0,27010
0b44fbed-d55e-4742-961f-8da71c6a98dd,2021-07-14,5,135490,31,6,5,15,5,10,13,2,3,0,5,0,27010
c98af07e-0cee-4ebe-bd72-0ef5e3a3b22a,2021-07-15,6,135496,32,4,3,19,6,10,16,3,3,0,6,0,27010
1c1ce9c4-1fd5-4003-a4bd-2243bc6d7fb0,2021-07-16,6,135502,35,3,6,19,7,10,13,3,3,0,7,2,27012
b33332d8-435e-4b72-989d-fc5201a7fb44,2021-07-17,4,135506,33,5,6,16,6,9,11,4,2,0,6,0,27012
354f133a-3b0f-4cb9-9a50-e8c4199d2db6,2021-07-18,2,135508,35,5,8,15,7,10,9,4,3,0,7,1,27013
b0086e75-3d89-4bac-9c95-ff6aef805c46,2021-07-19,10,135518,49,10,11,22,6,10,15,3,3,0,6,2,27015
fe5b0d82-e440-4db9-838a-933b59edd007,2021-07-20,5,135523,45,5,14,20,6,6,14,3,2,0,6,0,27015
7f0490ac-ce30-415a-ad3a-116818fb225f,2021-07-21,6,135529,47,7,13,22,5,9,17,3,1,0,5,1,27016
be88d73a-43fe-4367-a3a9-bb190dced764,2021-07-22,6,135535,46,4,13,23,6,14,15,2,2,0,6,0,27016
96b798c0-ab6b-4867-bd18-9176d35cc65f,2021-07-23,5,135540,46,6,17,18,5,12,15,2,2,0,6,0,27016
246f5745-31a6-4bfa-a869-e292319a1fd5,2021-07-24,6,135546,43,5,11,23,4,9,19,3,2,0,5,0,27016
c407c82b-1802-433d-9d7c-2be3d21d3d85,2021-07-25,8,135554,50,6,16,24,4,10,21,2,3,0,5,0,27016
4ab8d2d9-e546-4c03-9371-5a75b0dbce0e,2021-07-26,14,135568,62,10,20,26,6,9,21,3,3,0,7,0,27016
3bdbe249-e245-4b4c-b8f3-a18c6e10f0f5,2021-07-27,3,135571,55,8,14,26,7,10,23,3,5,0,8,0,27016
5d4893d0-c2e7-41d0-85bb-8e5760d389a7,2021-07-28,7,135578,55,5,16,27,7,11,24,2,5,0,8,0,27016
7f7a475c-61ba-4524-991f-edbf84ce77f3,2021-07-29,11,135589,62,5,16,32,9,14,29,5,5,0,10,0,27016
c4aed4a8-3c28-4a20-8ae6-316000893dbe,2021-07-30,4,135593,62,5,17,29,11,16,27,7,5,1,11,0,27016
19ff3f28-590b-4960-8e3d-7a706b1da323,2021-07-31,5,135598,58,3,17,26,12,17,23,5,7,1,12,2,27018
83071819-b319-4510-a67d-4f4170f1c757,2021-08-01,4,135602,52,4,11,26,11,16,24,6,5,1,11,1,27019
34321932-70bb-4e39-92c5-bd95a8a0657c,2021-08-02,9,135611,61,9,12,27,13,15,27,5,6,1,13,1,27020
186090c5-fe0f-444c-b284-749d1cc20e92,2021-08-03,3,135614,57,6,12,27,12,17,25,5,7,1,12,0,27020
ec941b05-98cc-4b26-9db4-ead14cdc2f12,2021-08-04,12,135626,59,5,12,30,12,18,27,4,8,1,12,0,27020
1bf6cb25-eec6-46fa-9ae4-31e99f0fb0a9,2021-08-05,3,135629,60,8,10,30,12,17,24,4,8,1,12,1,27021
181ba0e8-23da-44c8-8947-52048f16608d,2021-08-06,9,135638,60,4,15,29,12,15,23,4,8,1,12,2,27023
0478f4a1-6ed2-4112-a6c1-c02ba1f0c8b2,2021-08-07,6,135644,59,5,15,28,11,13,24,5,6,0,11,0,27023
fd34ba52-c13d-4b76-83b9-d6c4789de985,2021-08-08,2,135646,58,6,16,22,14,16,19,7,7,0,14,0,27023
d3e37291-8dd6-424c-af11-a6158b695b8b,2021-08-09,7,135653,68,9,15,28,16,18,24,8,7,0,16,1,27024
b28049cb-4cd3-467e-9b36-3f1d43c47f81,2021-08-10,7,135660,63,7,17,22,17,18,20,8,8,0,17,0,27024
a57902eb-1e0d-4ea4-94fb-9f3537accf89,2021-08-11,7,135667,65,7,19,19,20,20,17,9,9,0,20,1,27025
e8ce8b9a-3e2a-43d5-a0fa-56c84279a32c,2021-08-12,5,135672,65,4,17,26,18,20,22,8,8,1,18,0,27025
8547511c-7a6d-40b6-8d70-e5cfa0ae14c8,2021-08-13,6,135678,56,4,12,24,16,18,17,8,8,0,16,0,27025
d1e929bb-a1be-4d8d-85dd-40f217b17932,2021-08-14,9,135687,59,5,11,26,17,19,20,10,7,0,17,0,27025
e85d4049-a439-4ce0-ad0d-8bf233d9d734,2021-08-15,5,135692,61,6,13,25,17,16,19,10,7,0,17,2,27027
258cdfc3-9a69-48e7-82bb-1a080e274058,2021-08-16,10,135702,74,9,14,33,18,18,27,11,7,0,18,2,27029
65c6b5a2-d01b-4795-a556-880968b6d20f,2021-08-17,7,135709,74,4,22,30,18,18,25,10,6,1,18,1,27030
6d7a1b32-959d-4c84-8bea-5b4a581bf329,2021-08-18,9,135718,78,5,22,35,16,19,29,10,6,2,16,3,27033
d64e354b-4d88-4144-b9f3-b4d8b0508773,2021-08-19,10,135728,73,4,15,36,18,20,31,9,5,3,18,1,27034
84675a5e-cf21-41f8-a32d-a0e673fa057a,2021-08-20,10,135738,72,6,17,35,14,18,26,9,5,2,14,1,27035
6431e793-6ee5-479f-b2a3-bbd92a9bf305,2021-08-21,6,135744,61,4,13,32,12,16,25,8,4,0,12,0,27035
4faaeb31-c600-4b40-b2ec-b87570daff29,2021-08-22,6,135750,66,4,17,33,12,17,27,7,5,0,12,0,27035
f247a761-4588-4f4d-8430-5bdfb4953297,2021-08-23,8,135758,72,8,21,31,12,19,26,8,5,0,13,0,27035
8db4cc48-94f2-4d9d-bc12-52a0906cf20c,2021-08-24,11,135769,69,6,21,31,11,16,22,8,3,0,11,1,27036
d4fa986c-4860-47c5-9e3f-e8aa695be258,2021-08-25,10,135779,73,6,22,31,14,18,22,11,3,0,14,2,27038
d858c622-8c3d-457e-ab7a-c2fc8048b0f4,2021-08-26,7,135786,71,6,26,27,12,16,19,10,2,0,12,0,27038
5eed9372-83c2-4d29-b994-f07f1609a170,2021-08-27,7,135793,62,9,21,22,10,14,17,8,2,0,10,1,27039
751b3a32-6f00-440e-99bc-17f31a8d7cd4,2021-08-28,5,135798,56,6,17,23,10,13,18,7,2,0,10,2,27041
c10da3ee-a993-4a9c-b081-baf118c1a799,2021-08-29,3,135801,55,6,18,23,8,9,16,6,2,0,8,1,27042
63f14fed-ab06-46f8-ab44-36fecf6cb30d,2021-08-30,4,135805,61,8,21,23,9,10,19,6,3,0,9,0,27042
a29c156b-8c2f-4c32-9193-70f0972d75a0,2021-08-31,9,135814,56,3,17,30,6,10,26,2,4,0,6,0,27042
0ef5f307-8209-4b5f-8a21-a274fdbc0efd,2021-09-01,15,135829,63,8,17,29,9,12,24,4,4,0,9,0,27042
acfe32fd-3504-43c4-874d-4e9392402d7d,2021-09-02,10,135839,66,5,23,27,11,14,23,7,4,0,11,2,27044
b3d78e48-dbf1-4b2a-b9e9-d9dbdc7be87f,2021-09-03,14,135853,64,5,26,22,11,14,18,8,3,0,11,0,27044
975412aa-34da-4dd3-9fc1-6dc9040dcfb0,2021-09-04,7,135860,61,6,21,26,8,16,23,6,2,0,8,0,27044
5bbfebd5-162e-418f-8093-160eb9132050,2021-09-05,10,135870,69,4,24,34,7,16,28,5,2,0,7,0,27044
5b97d284-d451-4cd0-9443-3773a525f57d,2021-09-06,17,135887,92,7,28,45,12,23,38,8,3,2,12,1,27045
b2462fb2-20ad-44db-afc1-2e66ffcc90c9,2021-09-07,13,135900,97,4,28,49,16,26,41,12,3,2,16,2,27047
3314d65f-6085-4261-a652-583c2c4ac343,2021-09-08,15,135915,102,4,26,57,15,24,46,10,4,1,15,1,27048
b1b2a4ec-090b-4d4f-9223-8dd518128bcc,2021-09-09,16,135931,113,8,31,59,15,22,47,11,4,1,15,0,27048
c9a5541e-f04e-4c1a-851b-0e9a3db9d18d,2021-09-10,13,135944,117,6,39,57,15,24,52,11,4,1,15,0,27048
ec4161a3-abe6-482a-a72f-2acd0b9ddefc,2021-09-11,12,135956,115,5,31,62,17,27,55,11,6,1,17,0,27048
f47a3801-97b6-4d0e-8726-2770480d1da2,2021-09-12,17,135973,127,7,28,72,20,31,64,12,8,1,20,2,27050
8dddd3fc-6fd3-4e39-8c43-d7aafa400428,2021-09-13,29,136002,157,10,51,74,22,35,67,11,10,1,22,0,27050
90ae3a9e-ea81-48c2-b7f4-55b10a8e65ab,2021-09-14,25,136027,164,11,46,81,26,41,73,14,12,1,26,3,27053
26ae0993-aecc-447f-a20c-b2b7febcc58f,2021-09-15,17,136044,168,8,56,74,30,38,64,16,12,2,30,3,27056
dcd45244-0dd0-4cee-9649-6d3d3587ebd9,2021-09-16,19,136063,166,12,50,72,32,43,62,18,14,2,32,0,27056
0e2ccf35-9cf5-4200-8546-9af95fdc2f1b,2021-09-17,31,136094,182,21,59,68,34,46,57,20,14,1,34,2,27058
1e66efb0-6c0a-4b01-897c-09647a343ba3,2021-09-18,9,136103,161,17,41,72,31,43,60,16,16,1,32,3,27061
ee285f78-7dfb-41fd-b40b-309f82f87f3c,2021-09-19,14,136117,164,18,43,75,28,40,64,13,14,1,28,2,27063
865ee7fc-1654-4ba4-b354-f5cef9bf8a59,2021-09-20,23,136140,185,19,59,77,30,42,65,11,16,2,30,4,27067
6332da71-4791-44b0-8376-ffe1dc082c90,2021-09-21,19,136159,180,23,49,80,28,40,66,11,15,2,28,2,27069
155c94d0-209e-47da-b2e4-1d2772b8ea30,2021-09-22,17,136176,182,19,52,84,27,38,64,10,15,2,27,2,27071
c2bc1771-2b80-464c-adc6-0c799ac3d99f,2021-09-23,21,136197,183,22,54,79,28,38,64,10,17,1,28,3,27074
8715fb72-9108-4731-8794-e376433886a7,2021-09-24,27,136224,188,24,41,92,31,42,76,13,17,2,31,0,27074
1e881904-22b8-4295-9a02-e9eadb04e2ee,2021-09-25,20,136244,188,21,34,98,35,46,79,16,19,2,35,2,27076
0b97b265-297e-4707-9ef8-32a3767d950b,2021-09-26,16,136260,197,23,40,102,32,45,81,13,20,1,32,0,27076
272e5e98-e9e1-45ed-8c57-aa00d4382023,2021-09-27,34,136294,229,27,45,119,38,49,96,14,23,1,38,0,27076
76dc00f4-f7ec-4212-807a-db4909923534,2021-09-28,16,136310,226,25,50,109,42,53,96,15,27,1,42,3,27079
83b4eb41-52fc-4b42-a18b-dc8e09cf4d07,2021-09-29,36,136346,253,30,57,127,39,51,110,12,26,1,39,5,27084
5ad608bc-b11e-420c-9d1a-4a23043df107,2021-09-30,32,136378,251,40,53,121,37,50,104,12,24,1,37,1,27085
289c308a-0c0a-4ef2-aa11-923fb1b8cbbd,2021-10-01,31,136409,244,33,63,118,30,45,99,6,24,1,30,1,27086
8fefa6ec-20fc-467e-86b5-6d94eedd44be,2021-10-02,27,136436,234,14,65,119,36,44,102,10,24,2,36,1,27087
2685a25b-528a-47f4-931a-148ad58d05e3,2021-10-03,25,136461,247,15,65,130,37,52,107,10,24,3,37,4,27091
dae86e73-de84-436d-83c5-8215466708db,2021-10-04,53,136514,302,36,72,152,42,58,122,15,26,2,42,4,27095
0f2f6df6-a00e-431f-bcb6-4eabe9a61c6b,2021-10-05,40,136554,302,21,66,162,53,72,136,24,27,2,53,2,27097
3f1090ea-e39d-485f-8d7a-efb224f89d49,2021-10-06,53,136607,326,29,76,152,69,86,125,40,27,2,69,4,27101
62094131-42b9-4f8e-86f8-071578ae0c88,2021-10-07,39,136646,316,24,78,152,62,75,128,31,27,2,62,3,27104
e80ef37e-565d-488e-a4bd-4e48f5257763,2021-10-08,51,136697,344,28,91,161,64,78,132,32,28,4,64,4,27108
c892bd7d-a7f7-44f8-bd49-7b814921105c,2021-10-09,30,136727,333,25,80,170,58,77,145,27,28,3,58,3,27111
f5ba5b4a-7946-49de-bf45-8b3d8c5ca794,2021-10-10,34,136761,350,23,85,181,61,77,155,29,27,3,61,4,27115
2df559b9-2728-4a93-8344-75d560c2c182,2021-10-11,80,136841,425,32,113,202,78,99,167,37,36,3,78,5,27120
4cac9824-c8c9-4782-af5e-770a753b8d4f,2021-10-12,62,136903,444,35,107,213,89,113,179,42,42,3,89,6,27126
71e2adc4-ae82-4aa4-b6f7-f099dcebea02,2021-10-13,63,136966,470,30,122,228,90,114,190,44,42,2,90,6,27132
7e6ba410-c817-4a1b-97ee-8c372ebfb28f,2021-10-14,57,137023,496,30,138,231,97,116,192,48,43,2,97,6,27138
a5f147a6-a9e0-4c21-b945-82e907638c04,2021-10-15,82,137105,527,44,141,248,94,115,212,43,48,2,94,10,27148
f14bc578-66f4-4202-939d-ed2909e39b39,2021-10-16,70,137175,515,26,151,249,89,112,202,37,48,2,89,8,27156
9494cb1e-b170-40c8-ac95-b350196e3ac8,2021-10-17,50,137225,541,32,151,263,95,116,210,40,50,3,95,11,27167
4f7fd02f-6659-4325-a120-42d530ce8288,2021-10-18,133,137358,662,48,209,297,108,133,248,46,54,3,108,12,27179
5e3a0895-93aa-452b-a592-80e21af80c7d,2021-10-19,142,137500,725,58,229,325,113,146,274,55,54,4,113,9,27188
be6f1ce9-34bd-43ac-8baf-1acc02245cf7,2021-10-20,117,137617,795,64,252,362,117,138,315,53,59,5,117,7,27195
955c6616-3925-4da7-8efd-e5b7b9395b1b,2021-10-21,122,137739,838,65,252,396,125,142,349,55,64,4,125,10,27205
4e28eb20-be43-4a7b-938b-700e730d8645,2021-10-22,159,137898,921,67,289,436,129,153,388,60,62,4,129,12,27217
b93cc0b9-486c-4b85-b265-5242ceca1c7a,2021-10-23,112,138010,929,70,266,461,132,151,407,64,62,4,133,13,27230
de49700a-ed98-424b-8ea5-479be3073794,2021-10-24,110,138120,992,74,284,484,150,163,425,75,69,4,151,19,27249
1ebd6ef6-d449-4a01-94a6-02a99c5e49a1,2021-10-25,216,138336,1173,105,399,498,171,171,436,72,80,5,171,20,27269
293331bd-82e5-43a1-8849-652c837fd788,2021-10-26,261,138597,1294,133,421,559,181,193,488,84,84,3,183,16,27285
080b734a-92ee-4c95-a2dc-70ff8baf29fd,2021-10-27,239,138836,1396,115,464,631,186,215,546,89,84,4,187,21,27306
0adc3e9f-eef3-4c57-a392-5374f7a6b99f,2021-10-28,169,139005,1390,96,472,631,191,209,559,96,79,4,192,26,27332
915fe9c4-7083-41f4-85b4-eefa0da88d72,2021-10-29,270,139275,1578,145,534,700,199,233,616,102,93,4,200,25,27357
1475fd97-7288-4c62-b437-bac8a0a5035c,2021-10-30,189,139464,1597,121,517,738,221,238,651,112,99,6,222,22,27379
d288ad9c-32a9-40ca-8d83-c944522ef51f,2021-10-31,203,139667,1730,132,540,800,258,267,715,130,118,5,259,27,27406
ba0e12a6-450e-41b5-a591-2b922252d386,2021-11-01,411,140078,2102,180,686,945,291,311,822,146,133,8,291,30,27436
15dbd3a4-0eb8-44fa-810a-3a1738c7ff76,2021-11-02,392,140470,2292,201,723,1062,306,318,916,153,136,10,306,32,27468
78eb1fab-f8d6-4b5a-a3da-4efa81e2b6df,2021-11-03,382,140852,2494,209,816,1143,326,345,983,165,146,10,326,40,27508
66dd1b43-672a-43d3-8095-17aa7764319b,2021-11-04,385,141237,2657,199,901,1216,341,345,1043,163,163,11,341,45,27553
111f0270-da5e-404c-afa0-4d10a1151749,2021-11-05,351,141588,2793,215,930,1269,379,384,1102,181,179,12,379,52,27605
50d28770-f445-47aa-917e-9c2c97a78fd9,2021-11-06,280,141868,2799,189,910,1308,392,389,1138,193,180,11,393,47,27652
0ca494ab-17a2-4f15-868d-6622f24446be,2021-11-07,278,142146,2950,185,963,1384,418,424,1195,200,197,11,420,35,27687
5738d960-ef2b-40b7-bb60-82775442c3eb,2021-11-08,536,142682,3406,287,1180,1461,478,471,1245,234,214,13,478,46,27733
6c6b1b54-305e-4382-87fd-c9d5d70653cf,2021-11-09,535,143217,3596,318,1184,1582,512,487,1339,248,230,13,514,61,27794
b3c7e1e3-f531-4377-9be9-5e11e4c53ba5,2021-11-10,464,143681,3749,371,1207,1617,554,511,1391,279,240,14,556,72,27866
aa297fd7-bb31-41c8-9f34-38a0a381cb3f,2021-11-11,491,144172,3882,388,1241,1691,562,519,1457,282,252,10,566,70,27936
7dcc5505-5b96-4eb1-9437-93b6c99ebee6,2021-11-12,530,144702,4045,399,1301,1759,586,527,1527,297,250,11,589,67,28003
bc6057a4-9e9b-4800-9be8-c8c5f28f13e0,2021-11-13,376,145078,3986,375,1177,1838,596,561,1618,286,270,12,598,70,28073
4987727c-6221-42c1-bf8e-7faa9d3801df,2021-11-14,342,145420,4128,343,1253,1909,623,601,1695,295,290,11,625,60,28133
3084f68a-00e7-46ff-9fce-c10018f308ba,2021-11-15,727,146147,4775,483,1577,2036,679,644,1802,331,305,12,681,88,28221
6a164338-e5ce-4d16-87d1-945f2e58de3a,2021-11-16,642,146789,4837,477,1634,2037,689,650,1789,339,309,13,691,65,28286
891a5fed-390a-4a35-ba8d-dd45da5d5083,2021-11-17,475,147264,4809,464,1474,2156,715,690,1910,354,322,13,717,82,28368
c501330f-cf50-44fa-b9a7-61e995ba5406,2021-11-18,637,147901,5174,491,1689,2248,746,715,1973,352,349,14,748,116,28484
21d4807f-2ae2-4cd1-b5fe-68223b843045,2021-11-19,689,148590,5299,505,1745,2279,770,744,2012,364,364,15,771,107,28591
ed1aa5b6-ffda-4132-a909-df5c319d2af2,2021-11-20,494,149084,5189,477,1566,2381,765,752,2108,367,356,14,766,91,28682
bb8190d6-1cd6-406c-a618-5c908eb55c93,2021-11-21,490,149574,5386,472,1648,2484,782,778,2215,367,367,16,783,106,28788
f0d391d3-22b9-4e96-b899-b2aa91ebbf2b,2021-11-22,837,150411,5959,584,1941,2615,819,811,2286,383,377,17,820,103,28891
c1782a22-635b-4ea7-93fa-cec1cb2a6394,2021-11-23,732,151143,6065,575,1988,2649,853,854,2328,404,402,16,854,106,28997
d3d1da59-603b-4850-993e-3e450328e8b1,2021-11-24,689,151832,6125,566,1979,2695,885,858,2371,436,397,16,886,90,29087
ba89bbcd-2720-4e3f-b13a-829090e877fe,2021-11-25,676,152508,6135,537,1966,2711,921,881,2394,464,404,17,922,98,29185
e7dac663-a476-4d9a-b29f-fb71595fe285,2021-11-26,652,153160,6260,538,2049,2728,945,903,2379,474,431,16,946,88,29273
3a458770-d402-44a4-b831-4e1ffabbe0b1,2021-11-27,362,153522,5968,483,1791,2746,948,906,2454,468,442,16,949,44,29317
