id,datum,hospitalizovani_celkem,hospitalizovani_bez_ockovani,hospitalizovani_bez_ockovani_relativni_pocet,hospitalizovani_bez_ockovani_vek_prumer,hospitalizovani_nedokoncene_ockovani,hospitalizovani_nedokoncene_ockovani_relativni_pocet,hospitalizovani_nedokoncene_ockovani_vek_prumer,hospitalizovani_dokoncene_ockovani,hospitalizovani_dokoncene_ockovani_relativni_pocet,hospitalizovani_dokoncene_ockovani_vek_prumer,hospitalizovani_posilujici_davka,hospitalizovani_posilujici_davka_relativni_pocet,hospitalizovani_posilujici_davka_vek_prumer
e4784027-3638-47e6-b332-ddf8e35f1362,2021-01-01,580,578,0.996551724137,71,0,0,,1,0.001724137931,79,1,0.001724137931,88
f0e24168-c619-40b0-88e2-bf1c63bface5,2021-01-02,691,689,0.997105643994,70,2,0.002894356005,95,0,0,,0,0,
3ba5b16e-2fbe-4f10-9642-135fe9936a70,2021-01-03,652,649,0.995398773006,69,2,0.003067484662,89,1,0.001533742331,52,0,0,
9567ccef-b38d-4ed2-ade4-78d2944589ac,2021-01-04,998,997,0.998997995991,70,1,0.001002004008,85,0,0,,0,0,
f7537972-afae-43eb-83e6-0f768726a1d6,2021-01-05,1010,1007,0.99702970297,71,2,0.001980198019,82,1,0.000990099009,79,0,0,
3e2f91c9-3a6b-4dd4-a738-f0da9891fc20,2021-01-06,908,907,0.998898678414,71,0,0,,1,0.001101321585,72,0,0,
cf565fbf-77ad-40f4-9d0b-631a2b0a1e40,2021-01-07,925,923,0.997837837837,70,2,0.002162162162,75,0,0,,0,0,
43be98c6-b37d-4edf-bd1c-e0f7021698fb,2021-01-08,806,802,0.995037220843,71,4,0.004962779156,79,0,0,,0,0,
19e0879a-d9a2-4806-b9bb-bc9d8977bd66,2021-01-09,586,581,0.991467576791,70,3,0.005119453924,66,2,0.003412969283,86,0,0,
aa3e8827-1e6b-4074-91de-1c4dd2e003de,2021-01-10,545,545,1,70,0,0,,0,0,,0,0,
a8fb58dd-c489-4492-a79a-7db9b2a78597,2021-01-11,858,851,0.991841491841,70,7,0.008158508158,69,0,0,,0,0,
f7f5f9a7-34f1-4916-b69e-c08e14244929,2021-01-12,856,838,0.978971962616,69,17,0.019859813084,81,1,0.001168224299,72,0,0,
1a18c24f-e398-43c4-bb98-205168a5f5be,2021-01-13,695,692,0.995683453237,70,3,0.004316546762,82,0,0,,0,0,
c2fd4d67-b646-472f-90c9-626e527d33cb,2021-01-14,663,653,0.98491704374,70,10,0.015082956259,71,0,0,,0,0,
2f92aad1-8d59-4de6-8d4c-90f6aa1b2440,2021-01-15,717,706,0.984658298465,70,10,0.013947001394,80,1,0.001394700139,78,0,0,
22c559fb-296c-4d1a-94c8-90bec7b086d5,2021-01-16,451,446,0.988913525498,71,5,0.011086474501,79,0,0,,0,0,
e3def2ae-6a67-4793-af64-c3cca2c958f3,2021-01-17,406,401,0.987684729064,68,5,0.012315270935,76,0,0,,0,0,
e19cdc2a-3bca-4197-b9a7-03c65d1e8a8e,2021-01-18,702,685,0.975783475783,70,16,0.022792022792,81,0,0,,1,0.001424501424,74
5a7f52fd-35dc-4170-855f-8063face3f71,2021-01-19,703,688,0.978662873399,69,14,0.019914651493,74,1,0.001422475106,84,0,0,
22fd81da-93a2-445f-8d67-afee8d76e309,2021-01-20,678,660,0.973451327433,70,17,0.025073746312,70,1,0.001474926253,62,0,0,
f3635e30-3c53-4b1f-8a66-e25cbb364af0,2021-01-21,580,572,0.986206896551,69,8,0.013793103448,85,0,0,,0,0,
40c65728-d1c6-45ea-8c41-919259372e73,2021-01-22,610,594,0.973770491803,70,16,0.026229508196,77,0,0,,0,0,
474d8f0b-50d7-4df3-a59c-e27445c7d5cb,2021-01-23,453,437,0.964679911699,69,16,0.0353200883,80,0,0,,0,0,
4e7e9ecf-dc77-41e5-95d5-3be200169627,2021-01-24,382,372,0.973821989528,68,10,0.026178010471,82,0,0,,0,0,
fb5440fc-f4dd-4e8b-935e-a32ea7ae0dfb,2021-01-25,660,632,0.957575757575,69,27,0.040909090909,78,1,0.001515151515,63,0,0,
9201f608-2afc-4d74-a5e9-d86483c9c424,2021-01-26,644,614,0.953416149068,69,30,0.046583850931,81,0,0,,0,0,
f7291fc8-23e3-4acd-8a78-17450caf2d15,2021-01-27,586,547,0.933447098976,70,39,0.066552901023,80,0,0,,0,0,
eb128e7b-8b87-466c-a37c-20bf80591d8c,2021-01-28,558,535,0.958781362007,68,21,0.037634408602,83,2,0.00358422939,62,0,0,
d49ca5b2-bbba-4683-86e6-e070d5c2a673,2021-01-29,616,580,0.941558441558,68,36,0.058441558441,79,0,0,,0,0,
7df57fce-d0a3-415a-81c1-64a722709bd2,2021-01-30,425,402,0.945882352941,70,23,0.054117647058,79,0,0,,0,0,
223c2894-50ab-42e8-b73e-d06b617da2c8,2021-01-31,386,371,0.961139896373,68,15,0.038860103626,84,0,0,,0,0,
1740204f-985a-4a14-962b-760c9c33300b,2021-02-01,741,702,0.947368421052,68,39,0.052631578947,80,0,0,,0,0,
986e3cc7-25fa-4f6a-87de-6adc75fdf70a,2021-02-02,637,605,0.949764521193,69,32,0.050235478806,83,0,0,,0,0,
30d7585d-2834-409f-92e2-667fcba4c770,2021-02-03,617,587,0.951377633711,69,30,0.048622366288,80,0,0,,0,0,
14f06012-a2ac-4ef0-9606-53bb09651e10,2021-02-04,642,597,0.929906542056,67,45,0.070093457943,81,0,0,,0,0,
a212177f-940c-42ff-8a0d-e5f0f278711f,2021-02-05,591,557,0.94247038917,68,33,0.055837563451,79,1,0.001692047377,21,0,0,
9c78fde6-83ce-40f7-b176-b2bac0629ad1,2021-02-06,476,459,0.964285714285,67,17,0.035714285714,79,0,0,,0,0,
41eeeac4-eeeb-4539-b5cf-582b83b82307,2021-02-07,434,418,0.963133640552,66,16,0.036866359447,82,0,0,,0,0,
f68f823f-e751-4a26-bd2b-7f4579546616,2021-02-08,689,661,0.959361393323,68,28,0.040638606676,81,0,0,,0,0,
9021e11b-a957-464e-86c5-664fd9ecc74b,2021-02-09,657,622,0.946727549467,67,35,0.053272450532,81,0,0,,0,0,
4a9f017e-988b-4d1a-99df-23311c72ba55,2021-02-10,637,617,0.968602825745,67,20,0.031397174254,78,0,0,,0,0,
30fc5a64-8de5-41a8-bb35-bb07860b24fa,2021-02-11,632,603,0.95411392405,66,29,0.045886075949,81,0,0,,0,0,
b2778b7f-df7c-4c81-b296-c3aef5e5d74f,2021-02-12,615,591,0.960975609756,66,23,0.037398373983,85,1,0.00162601626,89,0,0,
c38e0f87-4135-41f2-bb09-7791ad60b452,2021-02-13,477,450,0.943396226415,66,27,0.056603773584,83,0,0,,0,0,
b7b26074-0de1-40ce-a300-8b1a3ba11016,2021-02-14,537,519,0.966480446927,66,18,0.033519553072,81,0,0,,0,0,
4afa5daa-4b41-421f-9b2f-c8d1d39fa896,2021-02-15,726,696,0.95867768595,66,29,0.039944903581,86,1,0.001377410468,82,0,0,
1e3e242c-191c-4a8f-8944-7d78c64050de,2021-02-16,764,730,0.955497382198,67,33,0.043193717277,83,1,0.001308900523,86,0,0,
aca4bc76-2c65-4ccb-be6f-94d1ea330c67,2021-02-17,800,768,0.96,67,31,0.03875,81,1,0.00125,87,0,0,
3fce0ac7-75cc-458b-af2e-a151f8edc922,2021-02-18,732,707,0.965846994535,66,23,0.031420765027,80,2,0.002732240437,74,0,0,
7687abcb-cfeb-4d1d-8617-afbd3cea6da5,2021-02-19,780,744,0.953846153846,66,34,0.043589743589,84,2,0.002564102564,88,0,0,
70d22b57-88a8-4146-8361-455493ab53c6,2021-02-20,561,532,0.948306595365,66,27,0.048128342245,82,2,0.003565062388,76,0,0,
ad04461c-7560-4a8c-a9d6-01f5af56ed7b,2021-02-21,595,574,0.964705882352,66,21,0.035294117647,82,0,0,,0,0,
332d4411-e2e5-4612-906a-d2e831b27efa,2021-02-22,921,888,0.964169381107,65,30,0.032573289902,83,3,0.00325732899,68,0,0,
143543c8-8ef5-460d-89ef-79b9c0a9070c,2021-02-23,853,827,0.969519343493,66,23,0.026963657678,85,3,0.003516998827,84,0,0,
2e694d7e-06e6-4195-a1d5-d5b843d1cba6,2021-02-24,846,816,0.964539007092,66,29,0.03427895981,84,1,0.001182033096,90,0,0,
4b6c9029-0254-4b8a-80e7-c3cb0d64007d,2021-02-25,921,876,0.951140065146,65,42,0.045602605863,81,3,0.00325732899,72,0,0,
cc00df4d-eb50-46aa-886f-20c0a3f8756a,2021-02-26,908,861,0.948237885462,64,44,0.048458149779,82,3,0.003303964757,83,0,0,
170c0fe1-4376-4a4e-8aff-ebde0471ec48,2021-02-27,716,679,0.948324022346,66,34,0.047486033519,82,3,0.004189944134,88,0,0,
bd4c3a3e-3e4a-4d62-8174-8d89de528486,2021-02-28,650,625,0.961538461538,66,23,0.035384615384,83,2,0.003076923076,82,0,0,
abfdc3a0-2c08-4b62-a96b-c5e3c6925462,2021-03-01,1156,1107,0.957612456747,66,44,0.038062283737,83,5,0.004325259515,85,0,0,
9401f580-6326-4ed1-8dae-18e0243ef8a7,2021-03-02,1050,993,0.945714285714,66,47,0.044761904761,82,10,0.009523809523,81,0,0,
67d2b1dc-8527-4a67-ac3f-68d4ae3ec3af,2021-03-03,866,826,0.953810623556,65,35,0.040415704387,81,5,0.005773672055,83,0,0,
2b186108-205c-49fc-ae17-ea05fda827d8,2021-03-04,924,880,0.95238095238,65,41,0.044372294372,80,3,0.003246753246,89,0,0,
b5160402-645b-417c-8ecd-9ae1a4c4b387,2021-03-05,906,846,0.933774834437,65,56,0.061810154525,82,4,0.004415011037,80,0,0,
05d4e26a-f28e-42b6-8bfb-f6c07bafd9f8,2021-03-06,747,707,0.946452476572,65,37,0.04953145917,83,3,0.004016064257,85,0,0,
1788b2a1-557a-4213-b530-0cf39d629870,2021-03-07,713,685,0.960729312762,65,27,0.037868162692,83,1,0.001402524544,75,0,0,
8f8427fa-092e-4b68-96a3-98208e5aa8be,2021-03-08,1044,991,0.949233716475,64,52,0.049808429118,82,1,0.000957854406,71,0,0,
6fcdbc0d-8456-4542-84ec-6d3509ef7e1d,2021-03-09,980,913,0.931632653061,64,64,0.065306122448,82,3,0.003061224489,63,0,0,
8bdbb05a-f45b-4aaf-ab06-821caa43ad0b,2021-03-10,1031,955,0.926285160038,64,65,0.063045586808,83,11,0.010669253152,79,0,0,
1e731cc6-776d-41a1-9fed-1078101c9809,2021-03-11,932,857,0.919527896995,65,68,0.07296137339,81,7,0.007510729613,76,0,0,
9fc57f23-f4da-4192-9265-507ab296bf03,2021-03-12,973,909,0.934224049331,64,58,0.059609455292,79,6,0.006166495375,80,0,0,
59ba6045-db62-4b0a-bef7-92b9881c8ab9,2021-03-13,745,706,0.947651006711,65,36,0.048322147651,79,3,0.004026845637,78,0,0,
78d4bbdf-c12e-4b4f-b1b4-f68557b46d05,2021-03-14,655,611,0.93282442748,65,42,0.064122137404,79,2,0.003053435114,82,0,0,
35a63db7-196a-430e-81ed-e12a1e85c22f,2021-03-15,1035,940,0.908212560386,64,88,0.085024154589,80,7,0.006763285024,80,0,0,
e5fb6392-dce8-4f29-b9e9-7b53deb64f37,2021-03-16,924,829,0.897186147186,64,86,0.093073593073,77,9,0.00974025974,78,0,0,
8f8f0bd4-2e35-4c20-b52b-4e29c9aa4086,2021-03-17,875,791,0.904,64,79,0.090285714285,78,5,0.005714285714,78,0,0,
e18f8c0d-da66-48fb-8465-ddc115950efb,2021-03-18,811,745,0.918618988902,65,64,0.078914919852,78,2,0.002466091245,88,0,0,
1661f646-bc42-4c88-8e84-f96def39326c,2021-03-19,808,712,0.881188118811,64,88,0.108910891089,78,8,0.009900990099,81,0,0,
a612ae24-9764-4d3e-8106-a973face7b7e,2021-03-20,562,493,0.877224199288,64,62,0.110320284697,79,7,0.012455516014,82,0,0,
767af258-00a0-4ae2-a9fa-29705d2d2842,2021-03-21,564,506,0.897163120567,63,52,0.09219858156,78,6,0.010638297872,86,0,0,
245a97f9-cca1-4c31-9948-b1a55ce8b2a7,2021-03-22,937,831,0.886872998932,64,101,0.107790821771,78,5,0.005336179295,76,0,0,
af96bc5e-69ab-48fd-87e0-6d6f11eedc2a,2021-03-23,765,667,0.871895424836,64,88,0.115032679738,76,10,0.013071895424,75,0,0,
3876011e-0d3b-40e6-8c57-0f9c5b9eb29a,2021-03-24,745,646,0.867114093959,64,93,0.124832214765,77,6,0.008053691275,78,0,0,
de441550-297c-48b2-b2d9-e4b9f39370f9,2021-03-25,729,647,0.887517146776,64,75,0.102880658436,77,7,0.009602194787,83,0,0,
aec24691-5881-4ac4-b368-cb080d46d8ab,2021-03-26,710,624,0.878873239436,65,81,0.114084507042,78,5,0.007042253521,79,0,0,
0984d2ea-26ab-4aca-b2c0-a48bc7aaab54,2021-03-27,564,490,0.868794326241,64,70,0.124113475177,78,4,0.007092198581,79,0,0,
0d5e69f4-5c70-49ab-9f4c-68f24bc59eaf,2021-03-28,495,434,0.876767676767,65,58,0.117171717171,77,3,0.00606060606,86,0,0,
6c457cd1-c758-4dc2-a0ca-20d7b94c4409,2021-03-29,791,701,0.886219974715,64,80,0.101137800252,77,10,0.012642225031,81,0,0,
1d55c34d-1918-45e0-af87-0338eb29b8a1,2021-03-30,658,566,0.86018237082,63,85,0.129179331306,77,7,0.010638297872,77,0,0,
9711ec24-0ec6-4d6e-a46c-0c3a54394c42,2021-03-31,655,564,0.86106870229,63,86,0.131297709923,76,5,0.007633587786,78,0,0,
6bd93468-ff4d-4520-83a2-db4e5924b2f5,2021-04-01,619,552,0.891760904684,63,63,0.101777059773,77,4,0.006462035541,87,0,0,
d97ab53b-0763-43dc-9f89-27231e585b95,2021-04-02,507,439,0.865877712031,63,65,0.128205128205,76,3,0.005917159763,86,0,0,
3ff30848-5405-4c81-bdc6-4c407916e56e,2021-04-03,475,418,0.88,62,54,0.113684210526,76,3,0.006315789473,77,0,0,
61fbe287-9040-4e0e-87d7-a6a95c5abbfb,2021-04-04,444,378,0.851351351351,63,63,0.141891891891,75,3,0.006756756756,76,0,0,
0f7b37bf-440f-4a09-a7de-d4479755c6c1,2021-04-05,367,320,0.871934604904,65,44,0.119891008174,76,3,0.00817438692,71,0,0,
7c15030b-0e52-4a33-a2a2-bae4d79e6b5c,2021-04-06,640,568,0.8875,63,63,0.0984375,77,9,0.0140625,85,0,0,
6f44a798-d06b-448e-9756-a4966128533f,2021-04-07,518,458,0.884169884169,63,52,0.100386100386,74,8,0.015444015444,76,0,0,
f64b6bdf-0deb-41e3-b33c-2f07f402a149,2021-04-08,433,366,0.845265588914,63,57,0.131639722863,78,10,0.023094688221,82,0,0,
8d577416-06fb-4921-be4a-0e32f8564bf3,2021-04-09,482,421,0.873443983402,63,53,0.109958506224,76,8,0.016597510373,82,0,0,
88addbfc-3357-43cc-95b3-f4799c5924a4,2021-04-10,304,262,0.861842105263,65,32,0.105263157894,76,10,0.032894736842,83,0,0,
0849a6c9-2a61-41e8-8507-bb943e9bc738,2021-04-11,283,244,0.86219081272,62,33,0.116607773851,77,6,0.021201413427,84,0,0,
94374765-8935-4745-8eda-6ab2908f6875,2021-04-12,416,358,0.860576923076,65,46,0.110576923076,77,12,0.028846153846,83,0,0,
56d98538-3477-44f2-98de-eaec0efbca24,2021-04-13,375,325,0.866666666666,63,48,0.128,77,2,0.005333333333,88,0,0,
9f501798-ddbf-4100-a6b3-05f392e4ace1,2021-04-14,390,336,0.861538461538,64,45,0.115384615384,75,9,0.023076923076,83,0,0,
f23fded6-7e90-4d23-9c83-eab941b79701,2021-04-15,351,299,0.851851851851,62,44,0.125356125356,78,8,0.022792022792,87,0,0,
231326fc-a8e4-45d5-92b1-19277cc59589,2021-04-16,343,289,0.842565597667,63,51,0.148688046647,75,3,0.008746355685,83,0,0,
9c5a5a0f-bf7a-450d-bf81-3b337a017f70,2021-04-17,263,232,0.882129277566,62,27,0.102661596958,78,4,0.015209125475,82,0,0,
3a00bea7-8c0d-4c23-bc2d-6467fb33ca6e,2021-04-18,234,196,0.837606837606,62,32,0.136752136752,77,6,0.025641025641,79,0,0,
21b0828b-2bb7-4d7b-aa58-2548d26116d2,2021-04-19,354,309,0.872881355932,63,35,0.098870056497,74,10,0.02824858757,81,0,0,
1d1919bb-e3a1-4b22-8d9a-a1f1afe2df09,2021-04-20,330,291,0.881818181818,61,34,0.10303030303,76,5,0.015151515151,75,0,0,
9099e01c-076c-4f21-a6f3-5c91168f767c,2021-04-21,337,280,0.830860534124,62,47,0.13946587537,74,10,0.029673590504,66,0,0,
1d9e9e07-8697-4c29-8eaf-37fe98d02cac,2021-04-22,261,213,0.816091954022,61,40,0.15325670498,70,8,0.030651340996,83,0,0,
ff85daf3-fc1c-46c2-b82f-56f30317c9fc,2021-04-23,253,197,0.778656126482,61,49,0.193675889328,75,7,0.027667984189,77,0,0,
39b17a37-9c4d-4ed3-a5eb-0e241359dd53,2021-04-24,166,135,0.813253012048,59,28,0.168674698795,74,3,0.018072289156,86,0,0,
b5a9a7ce-ae04-4c80-b5cf-a81b3f762fcd,2021-04-25,169,138,0.816568047337,62,27,0.159763313609,77,4,0.023668639053,60,0,0,
428779d3-1cec-4b75-8199-d155ab763354,2021-04-26,263,231,0.878326996197,62,23,0.087452471482,72,9,0.034220532319,79,0,0,
ee999121-35c2-4d95-894d-e6eb675e237a,2021-04-27,250,205,0.82,62,37,0.148,72,8,0.032,82,0,0,
d3bf0584-4416-4b2e-af56-09d52e3ccdf2,2021-04-28,231,173,0.748917748917,63,54,0.233766233766,72,3,0.012987012987,80,1,0.004329004329,71
675b5ad6-8186-4254-9231-892da04be3a5,2021-04-29,243,198,0.814814814814,63,39,0.16049382716,74,6,0.024691358024,75,0,0,
df000f2f-4203-45ed-ad68-407735d43237,2021-04-30,205,170,0.829268292682,58,33,0.160975609756,72,2,0.00975609756,78,0,0,
aa4eb23f-d825-42cb-a7ed-5f6aba5f4b2a,2021-05-01,158,124,0.784810126582,58,30,0.189873417721,72,4,0.025316455696,85,0,0,
3ed577f2-c539-470f-8dc4-4235e565d646,2021-05-02,147,122,0.829931972789,62,17,0.115646258503,73,8,0.054421768707,82,0,0,
0d797eb3-9537-465b-9341-d22d3dfd2b3f,2021-05-03,255,205,0.803921568627,61,44,0.172549019607,72,6,0.023529411764,81,0,0,
a97bd01c-fde5-457a-a4f5-14dc82f2b0bb,2021-05-04,172,134,0.779069767441,63,33,0.191860465116,72,5,0.029069767441,84,0,0,
58cc7897-ab74-45c3-867a-aa97f7f3bf19,2021-05-05,182,152,0.835164835164,60,24,0.131868131868,73,6,0.032967032967,73,0,0,
5ac1263b-9ce7-4650-ac41-aa8b8b7b522d,2021-05-06,171,133,0.777777777777,60,27,0.157894736842,73,11,0.06432748538,80,0,0,
c3c11b8a-d960-40a4-a7d1-b335e5827bd0,2021-05-07,176,145,0.823863636363,61,26,0.147727272727,70,5,0.028409090909,84,0,0,
535a78a0-fa8a-4024-9c95-50393c120696,2021-05-08,92,78,0.847826086956,62,12,0.130434782608,74,2,0.021739130434,82,0,0,
44f4dcb4-e431-4c30-8dfe-1101f06c43e7,2021-05-09,102,76,0.745098039215,61,20,0.196078431372,74,6,0.058823529411,75,0,0,
ba11dd8f-fa15-4922-8c02-7f7e114b98e4,2021-05-10,176,134,0.761363636363,62,35,0.198863636363,68,7,0.039772727272,72,0,0,
9fe76c3c-404b-49f9-8ee0-79036bf82512,2021-05-11,139,117,0.841726618705,58,21,0.15107913669,71,1,0.007194244604,93,0,0,
f1ee5ba6-93c3-426d-bc46-4041227abd99,2021-05-12,138,109,0.789855072463,59,19,0.13768115942,70,10,0.072463768115,84,0,0,
198e1b52-0685-4210-9925-e7a5084f4162,2021-05-13,121,97,0.801652892561,61,22,0.181818181818,70,2,0.016528925619,78,0,0,
c6a1b039-4ba0-4a3b-a7fd-02a52c7aae14,2021-05-14,105,83,0.790476190476,60,18,0.171428571428,68,4,0.038095238095,79,0,0,
e3bd32db-961a-4f75-b2f0-dda6b045b3c0,2021-05-15,65,50,0.76923076923,55,13,0.2,68,2,0.030769230769,82,0,0,
811e3966-2678-4397-9d5e-3b4bf5ee54c7,2021-05-16,65,52,0.8,60,10,0.153846153846,67,3,0.046153846153,80,0,0,
424b80c3-7b86-47ca-bcc7-250a8df7d3e2,2021-05-17,103,73,0.708737864077,57,27,0.26213592233,68,3,0.029126213592,62,0,0,
34a2cadb-3283-4f1d-82e6-39b42029bcfc,2021-05-18,80,57,0.7125,59,18,0.225,75,5,0.0625,87,0,0,
bb3199ef-47ba-4a41-9929-6aa4d22aaeff,2021-05-19,69,50,0.724637681159,61,17,0.246376811594,72,2,0.028985507246,78,0,0,
295b97da-a716-4f5a-bc10-030969c383cb,2021-05-20,68,51,0.75,66,12,0.176470588235,69,5,0.073529411764,83,0,0,
faa2a0a3-51fd-4c12-9118-c510cefd6b0a,2021-05-21,77,52,0.675324675324,55,22,0.285714285714,68,3,0.038961038961,86,0,0,
06b5c92f-ef41-4208-8244-230a48c62482,2021-05-22,35,26,0.742857142857,66,6,0.171428571428,69,3,0.085714285714,68,0,0,
f98578f9-d388-44d2-ae1e-171af281d491,2021-05-23,29,19,0.655172413793,60,10,0.344827586206,71,0,0,,0,0,
7c332a73-8035-45ca-b10b-04f888d3bf83,2021-05-24,57,41,0.719298245614,57,12,0.210526315789,68,4,0.070175438596,74,0,0,
7115b839-fa28-4af3-b2e1-b1df60a0e42d,2021-05-25,59,45,0.762711864406,63,13,0.22033898305,72,1,0.016949152542,86,0,0,
d0630989-16bb-4b3a-83f9-fcbf3d591c90,2021-05-26,61,46,0.754098360655,61,12,0.196721311475,74,3,0.049180327868,85,0,0,
1ae151a6-140f-43bf-8f26-1dbfdc7da5d8,2021-05-27,38,27,0.710526315789,66,7,0.184210526315,61,4,0.105263157894,77,0,0,
171613a7-f625-4161-af64-6fa31f27daa4,2021-05-28,40,30,0.75,64,6,0.15,69,4,0.1,83,0,0,
93e28780-518c-4e0b-8167-d3aa6a600374,2021-05-29,19,13,0.684210526315,64,5,0.263157894736,57,1,0.052631578947,84,0,0,
620a295f-4338-484f-a091-86b27d3709c2,2021-05-30,27,21,0.777777777777,57,4,0.148148148148,71,2,0.074074074074,84,0,0,
016691d6-d912-4220-ae01-f5283b39cd66,2021-05-31,41,27,0.658536585365,57,13,0.317073170731,69,1,0.024390243902,64,0,0,
1aef57d0-442d-4ef2-9188-8108e1df41b9,2021-06-01,28,19,0.678571428571,54,9,0.321428571428,69,0,0,,0,0,
1aa224b5-8017-47e5-92b9-48f2b07d0a8b,2021-06-02,38,29,0.763157894736,61,7,0.184210526315,70,2,0.052631578947,94,0,0,
c61f6c0e-b4c5-43c2-ab7d-94a8c982d807,2021-06-03,20,15,0.75,56,5,0.25,67,0,0,,0,0,
abb6b7d0-7e3f-4aa8-bb03-e236dc194e63,2021-06-04,28,22,0.785714285714,64,6,0.214285714285,64,0,0,,0,0,
984c380b-5c7c-43a2-aef0-f1b65cd423f5,2021-06-05,15,13,0.866666666666,50,2,0.133333333333,77,0,0,,0,0,
6e60a189-ba9d-476d-aaaf-729ff28b6d73,2021-06-06,12,8,0.666666666666,68,1,0.083333333333,64,3,0.25,76,0,0,
f72fd361-1c97-48d1-a9f3-8f6e9d527640,2021-06-07,14,11,0.785714285714,65,2,0.142857142857,68,1,0.071428571428,59,0,0,
48d60fd6-c7bb-46f8-bf85-ba5cc913a702,2021-06-08,23,16,0.695652173913,64,6,0.260869565217,59,1,0.043478260869,80,0,0,
5551f3a0-f067-4919-925b-150906ca83c3,2021-06-09,15,9,0.6,57,6,0.4,65,0,0,,0,0,
d295b0b1-6245-431f-a96f-fbd98a93aed9,2021-06-10,18,15,0.833333333333,50,1,0.055555555555,57,2,0.111111111111,72,0,0,
4f873c64-4eeb-4f86-9d68-f9a7e3bc4cf5,2021-06-11,10,4,0.4,47,4,0.4,71,2,0.2,75,0,0,
73d6faa8-a9ed-44bc-8648-af77b2d83d56,2021-06-12,8,8,1,51,0,0,,0,0,,0,0,
c97876ff-0fd3-40ca-8379-eb1e1d90f74a,2021-06-13,5,3,0.6,65,2,0.4,54,0,0,,0,0,
37d13ebf-71e7-48dd-beea-8cb68df15230,2021-06-14,9,7,0.777777777777,47,1,0.111111111111,70,1,0.111111111111,79,0,0,
8966f075-8c3e-4b45-b7c3-140de62d067d,2021-06-15,9,8,0.888888888888,57,1,0.111111111111,72,0,0,,0,0,
531d0e89-d180-420c-a8a0-520c88c296c2,2021-06-16,6,3,0.5,53,2,0.333333333333,68,1,0.166666666666,75,0,0,
93c35106-76ad-439d-b9a6-4637d85a95a1,2021-06-17,24,15,0.625,68,6,0.25,77,3,0.125,83,0,0,
cbf24b5c-0a57-4383-93fd-011e5a9ed173,2021-06-18,8,7,0.875,53,1,0.125,76,0,0,,0,0,
cad3113a-0d22-45d3-8184-ec62efbc5dd5,2021-06-19,10,7,0.7,64,2,0.2,59,1,0.1,77,0,0,
ea57f4d1-451d-480b-a09d-13464e8e1ff2,2021-06-20,2,1,0.5,78,0,0,,1,0.5,89,0,0,
c408a3f4-aa13-426e-954f-9d03c4dc79dc,2021-06-21,8,4,0.5,61,3,0.375,51,1,0.125,85,0,0,
bd4d3a8e-1cce-41ef-a501-ad29adae1467,2021-06-22,7,4,0.571428571428,70,2,0.285714285714,79,1,0.142857142857,92,0,0,
fd6db9f3-4f4a-44cb-b73d-09d7956ae129,2021-06-23,7,5,0.714285714285,56,0,0,,2,0.285714285714,76,0,0,
ca51425d-ae79-49fc-80d9-7b5c35f87faf,2021-06-24,4,4,1,52,0,0,,0,0,,0,0,
ca35285f-383e-4a65-ae56-ec34b488cd33,2021-06-25,6,6,1,47,0,0,,0,0,,0,0,
47892a68-a38a-431f-9562-0f0adef6767f,2021-06-26,2,2,1,40,0,0,,0,0,,0,0,
82543e9b-1a4f-414e-9181-f9006e8dd3c1,2021-06-27,2,2,1,57,0,0,,0,0,,0,0,
86fe1160-068b-4f68-b452-361ac961ab72,2021-06-28,7,6,0.857142857142,48,1,0.142857142857,76,0,0,,0,0,
716a8f4f-8751-4838-978d-6f8678d535b9,2021-06-29,2,1,0.5,74,1,0.5,55,0,0,,0,0,
b64aa8cf-4030-41b3-ad16-2191eee8ee3c,2021-06-30,10,6,0.6,39,1,0.1,30,3,0.3,77,0,0,
ce390c91-18f8-4b29-9640-39cf238e87c0,2021-07-01,4,4,1,66,0,0,,0,0,,0,0,
7428c82e-1ba5-4778-bf9a-dc1b4ab078ea,2021-07-02,2,2,1,37,0,0,,0,0,,0,0,
bf235b45-c1a7-4f2d-a73b-922a15d2125c,2021-07-03,2,2,1,59,0,0,,0,0,,0,0,
777712ad-4e73-4e46-be24-a84e0c52bdd1,2021-07-04,3,1,0.333333333333,0,2,0.666666666666,31,0,0,,0,0,
fcd5f39d-51d9-4b16-9c63-96c4ae085a4d,2021-07-05,2,1,0.5,38,1,0.5,27,0,0,,0,0,
eeb2a11c-e02c-44f4-a85e-a9908a956f8b,2021-07-06,0,0,0,,0,0,,0,0,,0,0,
e463d5e5-8ebd-4f1e-8226-969403a26737,2021-07-07,8,7,0.875,60,1,0.125,61,0,0,,0,0,
4b253176-6bc7-4cd9-8b06-6f0cfd43a00f,2021-07-08,4,2,0.5,45,1,0.25,68,1,0.25,77,0,0,
770339dd-eb82-4b29-bd6c-9739b1a9b873,2021-07-09,5,4,0.8,54,1,0.2,65,0,0,,0,0,
db139712-0f20-4ab4-b164-7d2382c35cb9,2021-07-10,3,2,0.666666666666,64,0,0,,1,0.333333333333,63,0,0,
f0114f26-3298-4d59-b886-9cbc53c47417,2021-07-11,5,4,0.8,32,0,0,,1,0.2,69,0,0,
203ce4db-17ad-4784-8852-09eb7ef2e3fe,2021-07-12,8,5,0.625,47,1,0.125,43,2,0.25,72,0,0,
548061cd-8820-47e8-9175-8556dc88e83b,2021-07-13,0,0,0,,0,0,,0,0,,0,0,
9a1f78a7-1204-43be-a203-b6c652119e97,2021-07-14,5,4,0.8,37,0,0,,1,0.2,75,0,0,
80a329b0-f48e-4aac-af20-9825296c060e,2021-07-15,6,6,1,51,0,0,,0,0,,0,0,
600eeac2-7c3d-4637-a492-6d73ebb7e525,2021-07-16,6,2,0.333333333333,54,0,0,,4,0.666666666666,70,0,0,
3736bcc7-b9a0-4c65-ba63-90382a213a17,2021-07-17,4,3,0.75,35,1,0.25,25,0,0,,0,0,
42a848a9-eac3-46c5-92ed-c21554675647,2021-07-18,2,2,1,35,0,0,,0,0,,0,0,
6a3c4322-dd88-457d-b0da-37f7c4cf7330,2021-07-19,10,7,0.7,57,0,0,,3,0.3,69,0,0,
4df124a2-755f-4b3c-afac-54af9e1ff960,2021-07-20,5,3,0.6,29,0,0,,2,0.4,80,0,0,
dc6b472a-908c-49d9-8b1e-23050fd2eb63,2021-07-21,6,6,1,55,0,0,,0,0,,0,0,
84bdaeab-1de7-47f4-b3a4-4a215a239e4f,2021-07-22,6,4,0.666666666666,47,1,0.166666666666,78,1,0.166666666666,42,0,0,
4c0bd239-4c7a-48bb-a549-71599e7a36c8,2021-07-23,5,4,0.8,44,0,0,,1,0.2,75,0,0,
1e0ad5ca-7709-4fbc-8e6c-7f965e8133c2,2021-07-24,6,6,1,49,0,0,,0,0,,0,0,
5b2104f1-d4e6-46d5-81a1-10886b800593,2021-07-25,8,8,1,42,0,0,,0,0,,0,0,
3d633833-7dea-45d8-8195-a0dcef230679,2021-07-26,14,9,0.642857142857,52,2,0.142857142857,55,3,0.214285714285,72,0,0,
dbc2688d-82dc-469d-bede-53c018b21bd9,2021-07-27,3,3,1,46,0,0,,0,0,,0,0,
6969191a-84ac-4449-9957-1ed4b4938aae,2021-07-28,7,4,0.571428571428,53,1,0.142857142857,54,2,0.285714285714,80,0,0,
54f069ef-755e-4c78-b873-c48a372de2a8,2021-07-29,11,5,0.454545454545,55,2,0.181818181818,35,4,0.363636363636,69,0,0,
aa62e5a5-02eb-46a9-9725-697346847723,2021-07-30,4,4,1,60,0,0,,0,0,,0,0,
de9d87ff-6c35-4b9e-af78-d508868e9e76,2021-07-31,5,5,1,49,0,0,,0,0,,0,0,
bb1e5cb7-bc23-434b-9319-eb24b1202743,2021-08-01,4,4,1,58,0,0,,0,0,,0,0,
51014bb6-1b0f-49e8-afdd-6a41782e69ee,2021-08-02,9,5,0.555555555555,59,0,0,,4,0.444444444444,76,0,0,
4ea99a4d-c001-4c88-b266-29859960fc66,2021-08-03,3,3,1,33,0,0,,0,0,,0,0,
016248a1-4e39-4447-92a1-4fcd2b4b5974,2021-08-04,12,6,0.5,58,4,0.333333333333,70,2,0.166666666666,69,0,0,
676d98fc-e624-4d88-945c-34f1c9c04c8f,2021-08-05,3,3,1,51,0,0,,0,0,,0,0,
eb82946b-3442-4306-b0e5-3f96a0efc8f9,2021-08-06,9,6,0.666666666666,61,0,0,,3,0.333333333333,77,0,0,
9dca44a8-33ab-4c93-b71b-bf9fdbf26183,2021-08-07,6,4,0.666666666666,56,1,0.166666666666,73,1,0.166666666666,71,0,0,
6d23411a-a9f7-4f66-b6f0-c664d9817e47,2021-08-08,2,2,1,51,0,0,,0,0,,0,0,
90451c4d-f3f2-4d15-9a0f-436533e47719,2021-08-09,7,5,0.714285714285,59,1,0.142857142857,74,1,0.142857142857,48,0,0,
6d2019d7-7498-453a-969b-618917248802,2021-08-10,7,4,0.571428571428,50,1,0.142857142857,63,2,0.285714285714,71,0,0,
40cc031f-85d0-4d40-b771-0fda8f630363,2021-08-11,7,6,0.857142857142,45,0,0,,1,0.142857142857,45,0,0,
d597f803-6e77-4d22-9222-8005a615f842,2021-08-12,5,3,0.6,50,0,0,,2,0.4,65,0,0,
dc5e4ef1-fb38-46ed-95c3-2aeac9d19aac,2021-08-13,6,4,0.666666666666,46,0,0,,2,0.333333333333,78,0,0,
cd880493-8ec6-4715-9e01-525cdd57a5f9,2021-08-14,9,8,0.888888888888,55,0,0,,1,0.111111111111,44,0,0,
eeb36583-4569-4499-85ad-c532000fadda,2021-08-15,5,5,1,50,0,0,,0,0,,0,0,
2ec67d2e-5882-470d-8a16-407df2ff4f22,2021-08-16,10,9,0.9,54,0,0,,1,0.1,71,0,0,
3e0be07c-b5d3-4dc0-b4de-d1736de2c4f2,2021-08-17,7,5,0.714285714285,52,1,0.142857142857,75,1,0.142857142857,78,0,0,
a70a6a83-3ee4-475f-9047-2d6e6d099911,2021-08-18,9,7,0.777777777777,47,0,0,,2,0.222222222222,80,0,0,
ff463fa9-b72a-47a0-9b9a-2a391f4e7e37,2021-08-19,10,6,0.6,55,2,0.2,54,2,0.2,78,0,0,
d1e66b26-6b8c-45dd-b8e0-42156bcd86de,2021-08-20,10,9,0.9,53,0,0,,1,0.1,92,0,0,
cd55f3fe-4c37-4061-ac30-34f8366978da,2021-08-21,6,4,0.666666666666,52,1,0.166666666666,85,1,0.166666666666,79,0,0,
41df297b-b569-4fc4-afe3-ed921b739387,2021-08-22,6,5,0.833333333333,54,0,0,,1,0.166666666666,68,0,0,
748bb982-a364-4b7a-9d51-1555d3c6a16a,2021-08-23,8,7,0.875,72,0,0,,1,0.125,90,0,0,
71e3b2d0-b0a2-4ff0-ade9-774b7a6a7ddb,2021-08-24,11,9,0.818181818181,56,0,0,,2,0.181818181818,72,0,0,
90b738d2-5c69-421a-acba-009215934f0f,2021-08-25,10,10,1,66,0,0,,0,0,,0,0,
4fb93ac6-f27d-46bd-b1a7-06708d42b1c2,2021-08-26,7,6,0.857142857142,49,0,0,,1,0.142857142857,71,0,0,
927ddc35-b827-41d1-877f-33904c21d5ff,2021-08-27,7,3,0.428571428571,48,0,0,,4,0.571428571428,72,0,0,
365fd532-6ea9-4a46-8b54-f6b0c0513695,2021-08-28,5,5,1,52,0,0,,0,0,,0,0,
58700471-bc89-4c6f-90e7-0dd2ece67933,2021-08-29,3,3,1,72,0,0,,0,0,,0,0,
419117c1-f2ad-4ccb-b602-16f5aee12585,2021-08-30,4,4,1,51,0,0,,0,0,,0,0,
8e56a4c9-7223-4871-bcc5-9c0a448bb02e,2021-08-31,9,7,0.777777777777,61,0,0,,2,0.222222222222,68,0,0,
c3e9d5d7-102b-4f06-ad53-f43df516a9b4,2021-09-01,15,13,0.866666666666,65,1,0.066666666666,40,1,0.066666666666,93,0,0,
536bc261-7070-409c-a9ec-bd2afb091219,2021-09-02,10,7,0.7,54,0,0,,3,0.3,73,0,0,
19fec127-4ada-4f7e-9780-230740492f01,2021-09-03,14,9,0.642857142857,58,0,0,,5,0.357142857142,78,0,0,
615f02a8-e98f-4c7a-b074-ebd87eba4416,2021-09-04,7,7,1,50,0,0,,0,0,,0,0,
06c4a634-2ab7-4ffb-9beb-d9a58191f4e1,2021-09-05,10,8,0.8,54,0,0,,2,0.2,79,0,0,
74b28f66-72a6-4e87-8298-9720fa911757,2021-09-06,17,8,0.470588235294,67,2,0.117647058823,79,7,0.411764705882,73,0,0,
25dc97a0-a50a-436e-914e-c6ba46e7c960,2021-09-07,13,10,0.76923076923,58,1,0.076923076923,65,2,0.153846153846,80,0,0,
b56426c9-19cc-4b72-a287-20a3f0206403,2021-09-08,15,12,0.8,51,0,0,,3,0.2,71,0,0,
416e1c7a-96d3-4e8c-8958-49297e1cbeca,2021-09-09,16,8,0.5,48,0,0,,8,0.5,77,0,0,
7084dd87-9f91-4759-8579-735bf65b4757,2021-09-10,13,11,0.846153846153,59,0,0,,2,0.153846153846,71,0,0,
5abe25d9-a5d5-4703-aaa5-7f4b3040f658,2021-09-11,12,6,0.5,52,0,0,,6,0.5,68,0,0,
bac35b68-bfb7-4664-bc51-7e04a6dbb60d,2021-09-12,17,14,0.823529411764,51,0,0,,3,0.176470588235,75,0,0,
f1240e8a-59f4-4048-b8b0-1fe4fb3fda54,2021-09-13,29,19,0.655172413793,52,0,0,,10,0.344827586206,69,0,0,
84060eee-f245-4981-8a15-d2d2f38c78cc,2021-09-14,25,20,0.8,51,0,0,,5,0.2,82,0,0,
c0952481-82cf-430e-9645-95e82dde9687,2021-09-15,17,12,0.705882352941,53,0,0,,5,0.294117647058,77,0,0,
6df7bbac-4949-43c0-8694-57d8549a7282,2021-09-16,19,13,0.684210526315,53,0,0,,6,0.315789473684,62,0,0,
06544c63-ebc2-43d1-b588-1c997c23aaf8,2021-09-17,31,13,0.419354838709,54,2,0.064516129032,75,16,0.516129032258,75,0,0,
9dc9b354-a551-45b5-93c1-f2e8260858f7,2021-09-18,9,7,0.777777777777,58,0,0,,2,0.222222222222,60,0,0,
4e520299-bd21-4258-b88d-a6efb034c4cd,2021-09-19,14,10,0.714285714285,46,0,0,,4,0.285714285714,75,0,0,
129f75a7-f893-4964-a29e-bcfd22cb8b67,2021-09-20,23,11,0.478260869565,66,0,0,,12,0.521739130434,76,0,0,
d29e0c07-30bf-4132-b241-8e20f1c06c31,2021-09-21,19,11,0.578947368421,56,1,0.052631578947,67,7,0.368421052631,84,0,0,
4d0af4e6-0850-4ba2-aebb-df6520c4d63f,2021-09-22,17,12,0.705882352941,58,0,0,,5,0.294117647058,71,0,0,
43d7d741-e218-4633-a232-ef49d5ac4ace,2021-09-23,21,19,0.904761904761,55,0,0,,2,0.095238095238,74,0,0,
a316d501-cfcc-4cda-8eac-02d0a78c30f8,2021-09-24,27,22,0.814814814814,58,0,0,,5,0.185185185185,77,0,0,
3f546ce3-1755-4b39-829a-e7d119d10f49,2021-09-25,20,15,0.75,53,0,0,,5,0.25,82,0,0,
5f336d2e-ce54-49ff-a90e-6ce97bf69524,2021-09-26,16,13,0.8125,51,1,0.0625,67,2,0.125,79,0,0,
1bfe5de0-98af-4043-aa44-2aa7a501ec7a,2021-09-27,34,25,0.735294117647,63,0,0,,9,0.264705882352,64,0,0,
ccd063ec-7e65-4e78-a53a-451ad7e0110d,2021-09-28,16,14,0.875,58,0,0,,2,0.125,70,0,0,
33038930-4189-4b16-8073-28c9bb330dec,2021-09-29,36,19,0.527777777777,50,1,0.027777777777,17,16,0.444444444444,79,0,0,
2778ff09-bca1-4395-b24c-152dfee18d82,2021-09-30,32,21,0.65625,55,1,0.03125,70,10,0.3125,72,0,0,
db591c8d-7b64-4349-a981-97b0a1a31c03,2021-10-01,31,25,0.806451612903,44,1,0.032258064516,66,5,0.16129032258,77,0,0,
e47e58a6-06a7-44bd-bacf-c3927cf16101,2021-10-02,27,24,0.888888888888,49,0,0,,3,0.111111111111,77,0,0,
ce318606-d410-4450-b80f-b026ec34ea84,2021-10-03,25,18,0.72,58,0,0,,7,0.28,78,0,0,
f4e272fb-9e29-47ca-a603-7e7f60559586,2021-10-04,53,40,0.754716981132,56,1,0.018867924528,29,12,0.226415094339,77,0,0,
8d3a4ae5-9cbd-4334-9125-2f41e15b0034,2021-10-05,40,26,0.65,61,0,0,,14,0.35,73,0,0,
0504c1e2-8d39-4325-9d14-c25f3f436113,2021-10-06,53,37,0.698113207547,60,2,0.037735849056,48,14,0.264150943396,76,0,0,
f81a4077-d0b3-49ff-b033-a7a3331584d9,2021-10-07,39,28,0.717948717948,59,1,0.025641025641,75,10,0.25641025641,76,0,0,
60a54da0-268a-4488-9362-bbdf040108ff,2021-10-08,51,36,0.705882352941,53,1,0.019607843137,79,14,0.274509803921,79,0,0,
5e035783-d479-4d0c-bff7-a3135183fd32,2021-10-09,30,24,0.8,60,0,0,,6,0.2,69,0,0,
be70b05c-c9af-4a44-9782-b49ef290f79a,2021-10-10,34,23,0.676470588235,57,0,0,,11,0.323529411764,80,0,0,
5ad014ef-d7a8-4e5b-b63c-65edfe368e9c,2021-10-11,80,51,0.6375,61,0,0,,29,0.3625,74,0,0,
9b16cb6d-447f-4535-ba21-d4843c25aec6,2021-10-12,62,41,0.66129032258,59,0,0,,21,0.338709677419,74,0,0,
ac7a9445-a319-4863-9bde-3e0e2bbc561c,2021-10-13,63,42,0.666666666666,59,3,0.047619047619,69,18,0.285714285714,78,0,0,
9c8f99c4-ec88-4e72-92d1-23f9b1ed00d5,2021-10-14,57,36,0.631578947368,64,0,0,,21,0.368421052631,72,0,0,
99535100-fac9-472c-af9e-ac5baaa6316e,2021-10-15,82,50,0.60975609756,57,2,0.024390243902,76,30,0.365853658536,76,0,0,
d1442b1c-451d-45ce-bdb4-1586ec322843,2021-10-16,70,37,0.528571428571,56,3,0.042857142857,67,30,0.428571428571,73,0,0,
19d4214f-c871-404a-a370-99042986365f,2021-10-17,50,34,0.68,51,0,0,,16,0.32,74,0,0,
324f2df3-2f3e-4d99-bb40-13fef091bb8f,2021-10-18,133,75,0.563909774436,61,2,0.015037593984,53,56,0.421052631578,76,0,0,
5406632a-900f-4aa8-a310-0d7f93d3541b,2021-10-19,142,87,0.612676056338,59,2,0.014084507042,67,53,0.373239436619,76,0,0,
4b04f59e-73b5-42a3-bb21-880719f3b487,2021-10-20,117,68,0.581196581196,54,5,0.042735042735,80,44,0.376068376068,75,0,0,
8e26cf3c-15ac-4628-bc44-7de347b0346a,2021-10-21,122,73,0.598360655737,61,1,0.008196721311,30,46,0.377049180327,74,2,0.016393442622,50
ede45261-1535-4d6d-94e7-14d6d0778511,2021-10-22,159,107,0.672955974842,59,2,0.012578616352,72,49,0.308176100628,73,1,0.006289308176,79
aec95bee-de37-48b8-ae1e-12bf00befed0,2021-10-23,112,65,0.580357142857,58,1,0.008928571428,20,46,0.410714285714,74,0,0,
5432629d-15d2-4ea3-99e8-d72b51daa4bc,2021-10-24,110,73,0.663636363636,56,2,0.018181818181,63,35,0.318181818181,74,0,0,
4079dfb0-8d87-4015-885a-7b776f24654d,2021-10-25,216,112,0.518518518518,61,4,0.018518518518,77,100,0.462962962962,78,0,0,
9f05af86-ef3e-470e-81d0-7800d0fdbcb3,2021-10-26,261,145,0.555555555555,64,5,0.019157088122,70,110,0.421455938697,75,1,0.003831417624,38
ec53ea5b-cbac-4eee-942f-da1babb80782,2021-10-27,239,127,0.531380753138,61,7,0.029288702928,50,105,0.439330543933,72,0,0,
8ed4d1e6-e568-4191-8890-163bbf1c8418,2021-10-28,169,97,0.573964497041,58,4,0.023668639053,62,68,0.402366863905,71,0,0,
6340e959-707a-4a8f-a8bd-eed59e32106a,2021-10-29,270,136,0.503703703703,61,8,0.029629629629,66,125,0.462962962962,73,1,0.003703703703,41
02c913f3-0a43-44d4-b2ba-096ed3ee142a,2021-10-30,189,111,0.587301587301,60,6,0.031746031746,77,72,0.380952380952,72,0,0,
0fcd151a-fc94-42d0-adc9-0abdcc18edd5,2021-10-31,203,128,0.630541871921,58,2,0.009852216748,74,73,0.35960591133,76,0,0,
901e115f-5305-45b0-922f-9129d45b6014,2021-11-01,411,219,0.532846715328,62,15,0.036496350364,69,177,0.430656934306,76,0,0,
395d9135-ea9d-4842-8cc4-c158165c994e,2021-11-02,392,194,0.494897959183,59,11,0.028061224489,69,187,0.477040816326,76,0,0,
6448cbc2-aa3b-4802-a541-c0ca51a5f1cf,2021-11-03,382,206,0.539267015706,62,8,0.020942408376,67,166,0.434554973821,74,2,0.005235602094,78
63591ed1-6132-4d7c-bb13-26001cd12055,2021-11-04,385,203,0.527272727272,60,11,0.028571428571,69,169,0.438961038961,76,2,0.005194805194,91
581f73ec-46be-4618-b392-fd39b9ddf69e,2021-11-05,351,209,0.595441595441,60,10,0.02849002849,77,130,0.37037037037,70,2,0.005698005698,65
4625dcbe-1e7e-4361-aa4a-1ce771bdf953,2021-11-06,280,155,0.553571428571,58,4,0.014285714285,60,119,0.425,75,2,0.007142857142,82
5a95a00a-8e6c-45ba-8f38-23b443ff8e22,2021-11-07,278,174,0.625899280575,61,3,0.010791366906,57,101,0.363309352517,76,0,0,
4124b4e1-5604-4edd-805c-31b6d2fac444,2021-11-08,536,285,0.53171641791,61,15,0.027985074626,62,235,0.43843283582,76,1,0.001865671641,74
217e8f74-d80d-446f-9587-2d5e26b4168a,2021-11-09,535,276,0.515887850467,62,19,0.035514018691,73,238,0.444859813084,75,2,0.003738317757,72
01e3b9c4-c486-4070-aaf8-3fdb57023094,2021-11-10,464,242,0.521551724137,61,16,0.03448275862,64,204,0.439655172413,75,2,0.004310344827,84
02b9e0bc-bdb2-4908-8ae2-a8343ce9d9d5,2021-11-11,491,280,0.570264765784,58,5,0.010183299389,73,204,0.415478615071,76,2,0.004073319755,74
5528e5f2-3062-4713-a53d-d1f9f4144ac8,2021-11-12,530,286,0.539622641509,61,18,0.03396226415,67,223,0.420754716981,74,3,0.005660377358,78
735a9ba1-6882-4063-b687-e2b718326e6a,2021-11-13,376,201,0.534574468085,58,12,0.031914893617,47,160,0.425531914893,71,3,0.007978723404,69
f25eb264-e001-4305-8ba0-729d9311f172,2021-11-14,342,206,0.602339181286,60,11,0.03216374269,61,123,0.359649122807,74,2,0.005847953216,83
35a8ccd9-97c7-443a-85ef-30766835d0d9,2021-11-15,727,407,0.559834938101,62,24,0.033012379642,64,290,0.398899587345,75,6,0.00825309491,77
2ff0a4af-8984-47e2-8cf1-9bf0c12ad436,2021-11-16,642,346,0.538940809968,60,13,0.020249221183,71,280,0.436137071651,74,3,0.004672897196,83
01fc0bd9-210f-4932-9c69-71b096631352,2021-11-17,475,278,0.585263157894,61,13,0.027368421052,65,181,0.381052631578,72,3,0.006315789473,71
24be8a56-5493-4c31-b964-60ecc65e073e,2021-11-18,637,349,0.547880690737,60,21,0.032967032967,73,264,0.414442700156,72,3,0.004709576138,85
bb08c8fb-7ce8-4ce8-86a9-68fe9036cce5,2021-11-19,689,367,0.532656023222,62,22,0.031930333817,70,292,0.423802612481,74,8,0.011611030478,78
deadbadb-a703-40ce-b995-b1b7d59213bd,2021-11-20,494,266,0.538461538461,59,12,0.024291497975,62,210,0.425101214574,74,6,0.012145748987,71
f66de5eb-97dc-4dc7-942f-243e9695c75d,2021-11-21,490,271,0.553061224489,59,10,0.020408163265,64,207,0.422448979591,72,2,0.004081632653,85
b94b4b7b-72e7-496e-969b-aeea6fc8c33f,2021-11-22,837,443,0.52927120669,61,34,0.040621266427,66,348,0.415770609318,73,12,0.014336917562,78
6c77f5bb-16ec-4c63-bfb1-ce0562140cc0,2021-11-23,732,403,0.550546448087,61,21,0.02868852459,59,297,0.405737704918,74,11,0.015027322404,80
48432d8e-a6fe-44eb-9116-4af78795777a,2021-11-24,689,359,0.521044992743,61,22,0.031930333817,65,301,0.43686502177,72,7,0.010159651669,73
e07f6997-9eaa-4ed3-84c7-0d94088563f0,2021-11-25,676,377,0.557692307692,60,14,0.020710059171,68,279,0.412721893491,74,6,0.008875739644,80
5a135ea1-0cc9-487c-99b3-c9878a411950,2021-11-26,652,364,0.558282208588,61,16,0.0245398773,65,266,0.407975460122,72,6,0.009202453987,77
6ed87221-0dc1-4fe2-88a1-da417ac6a6a0,2021-11-27,362,212,0.585635359116,59,12,0.03314917127,63,135,0.372928176795,73,3,0.008287292817,77
212d5d62-1bcb-4c07-a9da-7fa63a4ff7e6,2021-11-28,0,0,0,,0,0,,0,0,,0,0,
