id,datum,pocet_PCR_testy,pocet_AG_testy,typologie_test_indik_diagnosticka,typologie_test_indik_epidemiologicka,typologie_test_indik_preventivni,typologie_test_indik_ostatni,incidence_pozitivni,pozit_typologie_test_indik_diagnosticka,pozit_typologie_test_indik_epidemiologicka,pozit_typologie_test_indik_preventivni,pozit_typologie_test_indik_ostatni,PCR_pozit_sympt,PCR_pozit_asymp,AG_pozit_symp,AG_pozit_asymp_PCR_conf
680c3659-47cf-4792-a975-ab608ebee548,2020-09-01,11137,0,2419,2412,1101,5205,497,112,54,20,311,364,133,0,0
3169873a-08bf-45d4-9cea-d71551879884,2020-09-02,11810,0,2632,2513,1745,4920,645,205,90,35,315,445,200,0,0
c68cea5f-1da5-4bf9-84ea-db8a913cd110,2020-09-03,11541,0,3157,2524,1204,4656,675,252,86,33,304,433,242,0,0
87ecb3f1-cb16-4fd0-80e9-10a502aa56a2,2020-09-04,13654,0,2750,3092,1582,6230,797,255,111,40,391,568,229,0,0
6a2aca86-8c6c-4e2e-80f9-5cc2bf369101,2020-09-05,7468,0,2348,1765,756,2599,504,181,83,18,222,306,198,0,0
65ab7682-e9be-441a-8a5e-c1ec7c354810,2020-09-06,4537,0,1049,1066,314,2108,410,144,56,18,192,261,149,0,0
d5b28803-fab8-4e14-9b49-7f44439676e6,2020-09-07,11604,0,2125,2796,1050,5633,561,146,91,25,299,374,187,0,0
21e33343-c18d-43a9-8c32-8ca17b6924ba,2020-09-08,16115,0,4357,4026,1924,5808,1161,426,178,59,498,808,353,0,0
db56d2e0-da14-4cc9-807c-ae16f3c42dfd,2020-09-09,15507,0,4037,4029,1465,5976,1158,411,206,48,493,733,425,0,0
752510c8-cd5c-403e-bcee-dec45671a6c2,2020-09-10,16513,0,4734,4506,1411,5862,1383,557,275,82,469,844,539,0,0
0d6e27db-302c-4661-a8dc-753049cc4d74,2020-09-11,19217,0,6133,5206,1570,6308,1442,549,288,74,531,901,541,0,0
0dc8b478-ff18-48b8-bc86-6991986840f2,2020-09-12,13317,0,4824,3794,1298,3401,1537,774,321,85,357,792,745,0,0
e8d63ca5-6934-4699-bb97-d55ed5531f30,2020-09-13,7090,0,1871,1970,587,2662,791,326,148,42,275,449,342,0,0
22d2a5cf-5248-4ba0-8c4d-51001ecabeb8,2020-09-14,17518,0,4091,4878,1915,6634,1028,314,196,69,449,617,411,0,0
27a653fe-8600-492d-98d2-f729f967f738,2020-09-15,20461,0,5923,5907,2452,6179,1676,549,350,104,673,1059,617,0,0
b88eb215-2a7c-480b-a7f6-e2ce69520950,2020-09-16,20587,0,6794,5914,2446,5433,2133,873,489,113,658,1237,896,0,0
66d8bfed-8dd7-4c7d-b761-47716b0ec1c8,2020-09-17,23593,0,7974,6748,2500,6371,3125,1462,727,186,750,1742,1383,0,0
8afead6b-1175-49b9-8473-2cb26fcbcaca,2020-09-18,21580,0,6884,6539,1975,6182,2108,998,494,90,526,1234,874,0,0
d157475b-e772-42df-9bcc-96badc2d4e6a,2020-09-19,15231,0,5329,4713,1318,3871,2045,803,431,165,646,1122,923,0,0
1c01d555-6e16-4e91-b9ed-87c35ce31d0f,2020-09-20,10561,0,3033,3244,767,3517,984,358,224,56,346,559,425,0,0
a5bd0bb2-2fad-4955-b570-3507617e53e5,2020-09-21,19410,0,5710,5723,2227,5750,1477,537,388,78,474,819,658,0,0
83f959df-2053-4d1d-b076-b128bdf8f51d,2020-09-22,22400,0,7505,6793,2491,5611,2387,1064,563,87,673,1367,1020,0,0
203b213e-d2fd-49d7-9339-3f656cc5f103,2020-09-23,22445,0,8152,6887,2804,4602,2305,1123,595,115,472,1249,1056,0,0
30ae67c4-c776-426a-a9f9-54adcb76aa87,2020-09-24,23163,0,8674,6964,2803,4722,2906,1349,743,271,543,1483,1423,0,0
452558aa-3ea3-4c72-86c9-431cbb85f8c7,2020-09-25,23132,0,8739,7636,3066,3691,2945,1547,818,204,376,1479,1466,0,0
e0a93ad3-0d11-43e3-8dfd-00d3569784ee,2020-09-26,15388,0,6090,4877,1623,2798,1981,992,556,102,331,1001,980,0,0
5b7b7f7a-8626-4398-9cbc-df8ec065e60e,2020-09-27,10468,0,3768,3478,1298,1924,1305,600,362,92,251,628,677,0,0
b12d0efd-3139-4ba9-a7e6-87cab2e18c3f,2020-09-28,12218,0,3395,4327,2013,2483,1284,513,360,90,321,608,676,0,0
b7b1ba07-f39f-467b-96d1-232b4841c973,2020-09-29,18322,0,6587,5496,2923,3316,1962,975,553,109,325,939,1023,0,0
38038fd8-bcce-40b0-b3ff-82741715b500,2020-09-30,21092,0,8833,6064,2990,3205,2925,1589,730,294,312,1393,1532,0,0
da1f072e-b7e2-4b0d-b222-3b3779b66ea9,2020-10-01,23921,0,9539,7043,3523,3816,3503,2027,905,237,334,1821,1682,0,0
96f2f119-1d9b-477d-aa63-60f6467aaf09,2020-10-02,23639,0,9860,6817,3251,3711,3795,2099,1028,284,384,1935,1860,0,0
721925e4-d2b8-480d-966e-9bd306139b6f,2020-10-03,15201,0,6577,4344,1823,2457,2554,1477,652,176,249,1294,1260,0,0
78e82d6d-b930-4ac6-812e-d585b6c53a59,2020-10-04,7776,0,3517,2016,860,1383,1841,923,416,87,415,1024,817,0,0
a3219583-7597-40ed-8bfd-16454b947a43,2020-10-05,17768,0,6955,4770,3089,2954,3118,1692,825,189,412,1527,1591,0,0
7005350d-f34d-4d63-83a5-8290642e0077,2020-10-06,23053,0,10326,6411,3059,3257,4458,2506,1066,372,514,2357,2101,0,0
b5a2089b-6022-4713-b5c6-f813d547f8f5,2020-10-07,24051,0,11093,6625,3211,3122,5336,3100,1280,327,629,2917,2419,0,0
bac7bda0-2197-456f-a1d4-2c49890100ac,2020-10-08,25073,0,11312,6991,3338,3432,5394,3292,1292,238,572,3026,2368,0,0
70cc6802-7cfa-4bff-9eaa-a029abdf36ab,2020-10-09,27743,0,12678,8164,3362,3539,8618,5130,2108,559,821,4494,4124,0,0
229173b0-f4fb-4d66-b642-3158c9f96edb,2020-10-10,18124,0,8647,4970,2262,2245,4637,2886,1114,282,355,2411,2226,0,0
58a30b3b-b10a-4ba5-8a0e-43fc74c929fc,2020-10-11,11504,0,5078,3292,1149,1985,3104,1760,740,237,367,1520,1584,0,0
96703088-e420-4cb4-8ecf-e3d9473d6b28,2020-10-12,22048,0,8095,5730,3424,4799,4307,2132,1002,264,909,2163,2144,0,0
8828c4e0-978a-4063-ab6c-26b115e6a6d3,2020-10-13,31638,0,14605,7898,4178,4957,8324,4848,1692,713,1071,4424,3900,0,0
a2e1223c-4453-4116-907b-18135e0d4560,2020-10-14,34859,0,16917,9072,4676,4194,9544,5988,2004,643,909,5214,4330,0,0
1a9467ba-8507-4844-82a6-a3e611c92988,2020-10-15,34805,0,16516,9131,4020,5138,9724,5886,1969,612,1257,5730,3994,0,0
9c45fa2d-6b81-4c25-8e09-32b8a5069f02,2020-10-16,38723,0,18982,9880,4467,5394,11104,6884,2297,777,1146,6056,5048,0,0
dd88e472-cb05-49de-9270-66bd0f5d2a7b,2020-10-17,29279,0,15220,7947,3103,3009,8713,5657,1848,561,647,4539,4174,0,0
52742e96-776c-449d-bd78-ad45bfc8d49d,2020-10-18,17240,0,8335,5162,1881,1862,5059,3136,1232,341,350,2468,2591,0,0
41f1ffe5-8f98-419e-a38c-fd5fa41455c4,2020-10-19,31165,0,13843,8063,5324,3935,8077,4870,1827,649,731,4094,3983,0,0
d258f469-f097-4616-a6e3-0a1e4de5445a,2020-10-20,40598,0,20922,10990,5247,3439,11985,7707,2576,967,735,6420,5565,0,0
8ff3e84e-0bad-4875-97a3-91c5ea2a1ebe,2020-10-21,45245,0,22871,12541,5372,4461,14971,9410,3356,1134,1071,7799,7172,0,0
2f147406-a804-4e59-a8d2-86d60d3a275e,2020-10-22,46425,0,23454,13114,5953,3904,14156,9177,3359,839,781,7470,6686,0,0
21ea8d3e-ba1f-4304-bfd4-99eda591f7a7,2020-10-23,45252,0,23613,13041,5130,3468,15248,9664,3529,1369,686,7870,7378,0,0
611ac962-b034-4aa1-93b1-db3c86a37bba,2020-10-24,39192,0,21519,11636,4050,1987,12473,8367,2978,670,458,6991,5482,0,0
7d3ad9ef-150d-44a0-9c36-6ad53444740d,2020-10-25,21593,0,10901,6490,2182,2020,7300,4579,1809,400,512,3825,3475,0,0
3221edfa-c5b7-4900-8ebc-1a2958f242e6,2020-10-26,35597,0,17611,9568,5338,3080,10273,6439,2419,876,539,4801,5472,0,0
d5031152-08a9-4cc1-8d4c-e25a2c844017,2020-10-27,47498,0,26085,12875,5494,3044,15667,10041,3487,1271,868,8222,7445,0,0
d6dfd6d1-3fc5-4863-9484-0a7e9fae3cea,2020-10-28,40124,0,21334,11938,4783,2069,12977,8543,2950,813,671,6761,6216,0,0
f50e1372-a5bd-4bd3-8c20-b82bb0e3f6b1,2020-10-29,42577,0,22040,12676,4792,3069,13050,8360,2975,964,751,6937,6113,0,0
98412d52-514e-44e2-bc0c-6ef4cb586faa,2020-10-30,46822,0,25570,13195,5096,2961,13604,8872,3157,808,767,7230,6374,0,0
d71ed54f-3706-44c8-8d8d-b3267b2e8be7,2020-10-31,36296,0,19428,10856,3576,2436,11428,7505,2730,620,573,6285,5143,0,0
20e3ae19-ab1d-4f82-805f-1a5fe76c7c56,2020-11-01,20643,0,10347,6638,2272,1386,6551,4029,1841,411,270,3372,3179,0,0
9d43d90f-32bd-49ee-b5dc-8d8e3884b52f,2020-11-02,32728,188,16354,8867,5162,2533,9241,6172,1976,518,575,4472,4769,0,0
bb279b04-a9e3-43aa-bf77-d50e5a692850,2020-11-03,43327,302,23400,12022,5504,2703,12090,8168,2702,722,498,6542,5518,20,10
97d526fa-2d63-4eef-a45e-11eb593ae359,2020-11-04,45484,633,24166,13072,6011,2868,15726,10141,3532,1335,718,8417,7270,32,7
1b210f27-43c6-4762-8617-47c364139308,2020-11-05,43233,839,23124,12350,5789,2809,13237,8913,2977,805,542,6855,6342,24,16
c7e08abe-bd6b-4825-abb4-2450fd30c329,2020-11-06,40325,563,21183,11635,5649,2421,11546,7345,2893,754,554,5813,5648,49,36
1638b9a6-e7af-4cfc-86e2-487b66432983,2020-11-07,26243,284,13532,8270,3254,1471,7721,4914,2138,459,210,3757,3883,19,62
dddc22a2-541b-4662-8070-7cd942255225,2020-11-08,13727,274,6449,4778,1585,1189,3611,2108,1113,229,161,1678,1906,20,7
d21b7d8a-0c1a-4796-93de-f7b0637e7a7e,2020-11-09,30467,1338,14054,9583,5766,2402,6049,3613,1774,413,249,2607,3376,30,36
429ea6a0-e1b6-4ac8-b01e-ea84b4b69892,2020-11-10,37274,6278,18781,11867,10498,2406,9057,5778,2383,547,349,4371,4592,75,19
5b13b7e6-5a5f-496c-89fc-9d40f6c25d32,2020-11-11,32938,14220,16946,11432,17051,1729,8919,5641,2315,660,303,4233,4393,217,76
9a489490-5d6e-4dfb-b78e-cd50c04c7fb8,2020-11-12,31174,13324,15091,10165,16947,2295,7874,4886,2081,657,250,3564,4068,89,153
1240d713-52d9-43e8-926a-270efcf50d11,2020-11-13,31297,12959,15460,10122,16464,2210,7358,4450,2031,576,301,3282,3796,107,173
c362151e-fab4-46cb-a97c-37020cc183e8,2020-11-14,16193,1669,7902,5178,3604,1178,4196,2531,1240,333,92,1727,2292,67,110
dc4aa573-9894-467e-aef8-bd4fcb35b7d0,2020-11-15,9021,2954,3589,2959,4268,1159,1891,1005,630,160,96,826,984,47,34
13a89b06-cfe7-4753-b51b-05d09629e7b0,2020-11-16,26067,18699,11878,10251,20601,2036,5418,3014,1584,540,280,2157,2935,205,121
eb0071eb-7be9-4e49-b390-2c6481c33102,2020-11-17,17590,4656,8064,5813,6990,1379,4246,2479,1266,389,112,1920,2153,40,133
4cece5cb-63df-4147-b6f8-01bd6e6b97c6,2020-11-18,24532,22757,11832,8908,24410,2139,5514,3246,1524,532,212,2422,2790,147,155
b2c8ef20-6cbe-4f2b-a3d3-b5d876798616,2020-11-19,26704,7862,13204,8389,11298,1675,6470,3962,1740,557,211,2977,3084,152,257
47836c0a-e53a-4baa-a093-8505d2fa88b0,2020-11-20,25854,8155,12643,8167,11342,1857,5809,3478,1650,503,178,2661,2850,127,171
4ba02509-e344-4395-a263-27fa27d730e1,2020-11-21,14584,8727,6673,4975,10268,1395,3191,1851,977,267,96,1455,1564,48,124
cf57e74f-db4a-469b-9038-5d07e0ef6e6f,2020-11-22,7230,5228,2624,2795,5921,1118,1508,690,576,156,86,589,851,35,33
a5750407-a206-4b96-bd7a-e2c449e87236,2020-11-23,23660,41159,10738,10913,40957,2211,4379,2470,1342,392,175,1859,2160,265,95
e3d7d7fe-b229-4576-9574-866f1a527c39,2020-11-24,24631,14533,12080,8333,17143,1608,5861,3562,1571,541,187,2719,2743,154,245
b302c555-8146-41e7-9e8e-675e453a42c2,2020-11-25,22650,14653,10425,8009,16954,1915,4929,2813,1415,519,182,2444,2217,85,183
3c5e52f1-c140-4b52-b5c1-76baf3bf35a0,2020-11-26,20554,12706,8889,7006,14716,2649,4049,2341,1114,357,237,1909,1859,165,116
6a49d60f-bea5-413b-b36c-d13ccd80fc2b,2020-11-27,23395,12256,9435,8504,15316,2396,4462,2297,1440,404,321,2309,1884,183,86
4f435953-fd26-40ac-b884-e2bdc2cf7f9d,2020-11-28,12322,8587,5023,4680,9910,1296,2667,1332,991,236,108,1271,1276,69,51
bad5e407-713f-4f19-a0bb-90d4f2a5aa39,2020-11-29,6450,3632,2247,2261,4449,1125,1074,484,419,111,60,471,526,60,17
6459897c-9333-4b7d-8a67-a89a36990940,2020-11-30,22266,40871,8800,11771,40391,2175,3572,1751,1239,408,174,1599,1611,269,93
331f8260-443b-4ea3-a51a-ad41b53d986b,2020-12-01,23184,17121,9849,9236,19384,1836,5180,2866,1668,418,228,2946,1975,120,139
d7bad695-9beb-42f7-883f-f000928e5a93,2020-12-02,22671,14998,10246,8805,17078,1540,4561,2567,1488,360,146,2545,1748,132,136
89b518b9-a382-4011-8dff-39f659a53559,2020-12-03,20726,12383,9222,7991,14158,1738,4624,2575,1508,331,210,2515,1872,156,81
2966cae0-a68f-4d52-b6cf-7a6d548f88a3,2020-12-04,22777,9338,8883,9260,11660,2312,4747,2394,1751,368,234,2593,1883,144,127
d35aaeeb-1779-4b08-88f8-2de7ba0b6bd6,2020-12-05,12984,3779,5203,5122,5098,1340,3312,1623,1329,239,121,1757,1406,81,68
fbed7976-4b19-4008-bd33-b75d0e5209bd,2020-12-06,6695,3394,2515,2658,3886,1030,1112,502,423,103,84,474,549,75,14
9a82aaf8-72f1-4bd3-8e9a-241145626246,2020-12-07,22913,26483,10065,12309,24975,2047,4251,2174,1511,362,204,2122,1767,286,76
8fe5d252-65fe-48fb-8fdb-bc5012ad3866,2020-12-08,26195,11761,11520,10875,13665,1896,5855,3263,1963,482,147,3429,2044,221,161
80fffe06-3837-41ef-907e-bfcf94b17bbc,2020-12-09,25268,11267,11672,10923,12419,1521,6416,3715,2073,424,204,3844,2279,170,123
31b47827-230c-4e03-9153-8d6d8fc9713d,2020-12-10,25571,9479,11137,10939,11144,1830,5873,3180,2130,392,171,3436,2120,187,130
52b01c46-1e13-47a1-8e2b-db2f4c5f1ecf,2020-12-11,28465,10899,12299,12400,12690,1975,6210,3342,2238,403,227,3577,2408,129,96
231ca9f3-0da9-4a72-936d-653a47e9af74,2020-12-12,16087,4247,6189,6783,5845,1517,3655,1928,1393,219,115,2108,1468,22,57
d31feae7-7888-4a6f-bcb4-58163628548e,2020-12-13,8976,3563,3216,3520,4365,1438,1998,985,740,156,117,990,953,21,34
54d44a09-08f9-4828-a6d2-0ca58696033d,2020-12-14,26378,25384,11025,14156,24463,2118,5177,2614,1852,488,223,2438,2141,478,120
eb6ba4ff-29bb-4ca3-bb30-c3cd3092a01c,2020-12-15,32175,12684,13885,14022,14568,2384,7911,4310,2681,543,377,4640,2830,265,176
820b5470-aa0d-4f1e-bda8-ae2e2567c102,2020-12-16,32492,19953,14810,15020,20695,1920,8257,4664,2660,677,256,4971,2601,478,207
0aba1696-86ef-44f4-8b00-c0bc3ddc9c0f,2020-12-17,31303,18647,14462,14173,19288,2027,7614,4319,2394,681,220,4319,2554,421,320
988acdc9-0d93-4d75-b16d-f10cb267b8be,2020-12-18,34018,27433,14849,16953,26936,2713,8839,4788,2861,854,336,4735,3081,606,417
16fb3dfa-aab6-4486-be11-be7373738fc9,2020-12-19,21345,14005,9013,10507,13897,1933,5327,2600,1739,704,284,2800,1800,341,386
ab08aa50-6a3d-4849-90c1-88bca6132aee,2020-12-20,11602,12250,4169,6422,11468,1793,3406,1510,1103,613,180,1586,1196,302,322
d205624d-f975-48fb-b46a-73c9196544be,2020-12-21,29536,49369,13224,20012,43267,2402,7956,3694,2631,1185,446,3414,3009,1013,520
1d299a82-eb70-4669-b14a-f0b6335aaa95,2020-12-22,36289,41585,16964,22297,36379,2234,10919,5625,3454,1335,505,5782,3385,1019,733
924cb7d0-8f32-4dd5-9d13-2188a09b2f9b,2020-12-23,41868,44761,18846,26410,38481,2892,14146,7425,4422,1626,673,7626,4388,1188,944
db30d0fa-5498-4e83-822d-1bf4cf994a7a,2020-12-24,10713,8733,4754,5847,8092,753,4375,2006,1303,628,438,2301,1295,342,437
838766a7-941c-447a-8338-0c243b46d3ae,2020-12-25,7819,6774,3768,3855,5913,1057,2672,1346,763,397,166,1176,890,384,222
b97a7549-6622-45cb-bb3e-1b1ea21e8d6d,2020-12-26,8715,11552,3881,5451,9863,1072,3033,1402,935,495,201,1125,1166,560,182
007ec9da-4fb0-4d31-a146-28422432e41f,2020-12-27,10483,12164,4523,6606,10395,1123,3787,1585,1195,701,306,1434,1400,629,324
aec1e03e-3083-4322-a1c8-cfe079e36fa8,2020-12-28,28202,45657,12770,20070,38795,2224,10944,5142,3756,1591,455,4764,3589,1851,740
3290da2e-b5ad-4cb5-a2ee-fa49d8542b51,2020-12-29,36075,31244,17284,21087,26876,2072,16487,8733,5487,1835,432,9274,4375,1817,1021
35615f81-92c5-4fd5-bcf6-6a318ec2b23b,2020-12-30,35441,31716,17917,20221,27062,1957,17070,8880,5260,2038,892,9791,4178,1860,1241
920dd552-46e4-4255-b54d-9dc66eb408f3,2020-12-31,27907,19282,13323,15215,16880,1771,13319,6745,4396,1634,544,7578,3508,1219,1014
d596ec62-00fa-47e2-9d8c-b136897be1ef,2021-01-01,6585,5066,3446,3365,4065,775,3448,1668,1161,448,171,1703,951,483,311
6b67ba7d-b2b1-4219-8ef0-30f7a355b35b,2021-01-02,13449,15529,6042,7788,13845,1303,4987,2182,1517,1033,255,2077,1454,1129,327
0cb98bdf-dbf1-4de0-a88d-59c3715d23f1,2021-01-03,15322,14335,6080,8508,12932,2137,6269,2517,2094,1321,337,2588,1886,1136,659
8133e9b3-17b5-4481-a305-2ae1bdcc41a2,2021-01-04,35180,55647,17181,23063,47928,2655,12967,6114,4269,2026,558,5910,3761,2371,925
2baf38de-8d00-49c7-9a40-f6d6232966e9,2021-01-05,44018,35122,21423,22506,32685,2526,17411,8812,5412,2471,716,9637,4236,2236,1302
c895bd6b-da48-4834-a4c0-a1c7357449e9,2021-01-06,39051,29898,19982,19328,27677,1962,17781,9544,5403,2168,666,10723,4144,1640,1274
34522de2-8bf3-4b28-8780-ff471f726ffd,2021-01-07,38974,28281,18973,19672,26405,2205,14896,7674,4907,1692,623,8799,3758,1369,970
b47f5203-af29-4ebf-a22b-8ce0a31113f8,2021-01-08,38763,30917,18669,20663,27951,2397,13110,6707,4444,1360,599,7465,3609,1239,797
0322dbac-49b4-49b1-b0b3-fac85946c973,2021-01-09,21084,14363,8926,11441,13387,1693,8453,3974,3105,964,410,4729,2610,611,503
820402c5-04dc-41c5-b41e-1b9d57f0c04d,2021-01-10,12319,12554,4700,7145,11378,1650,4315,1658,1610,830,217,1802,1451,639,423
64e1a1f1-07ed-438a-b121-677de56c03c7,2021-01-11,34010,50200,15292,23119,43311,2488,9394,4220,3398,1409,367,4143,3076,1505,670
dce0a01e-13ef-43e6-a391-295357a2ce9c,2021-01-12,36362,30338,16174,21037,27521,1968,10816,4939,4175,1274,428,5442,3528,1225,621
77bd9455-0fa7-46cc-b240-d74ccaab1c6f,2021-01-13,32375,28192,15129,18544,25081,1813,10934,5218,4025,1207,484,5810,3424,1017,683
8bb95cf9-4df9-4661-ad49-34c424429320,2021-01-14,30307,26207,13256,17651,23318,2289,8109,3705,3001,934,469,4212,2505,865,527
ec304864-60ea-47eb-ada8-4526cda8a376,2021-01-15,31198,28991,13719,18819,25694,1957,9334,4295,3703,973,363,4786,3121,892,535
ae40a678-74cb-49d8-b3d6-d8649e8e2a77,2021-01-16,17391,9962,6599,9755,9548,1451,5245,2076,2252,634,283,2616,1862,382,385
a33cf514-a72d-4de0-8e8a-fa5e96dd157a,2021-01-17,8838,8798,3239,5221,8183,993,2645,974,1098,406,167,1138,955,334,218
f114f4f0-2a18-4571-a775-91dc33a15db3,2021-01-18,29815,41842,12143,20215,37122,2177,7680,3244,3061,1001,374,3173,2918,1181,408
edd3ae44-6e6b-4ca9-944e-cb844112ee02,2021-01-19,31800,23709,13398,17656,22257,2198,9620,4465,3749,984,422,5052,3227,841,500
35d01225-f0b4-4989-a772-ab48cf8505be,2021-01-20,28748,22594,12593,16346,20695,1708,8229,3885,3196,887,261,4165,2826,821,417
72de0a25-fd9e-4f60-a2bb-b1e2bf519537,2021-01-21,25145,23291,10746,14725,20571,2394,7543,3506,2748,877,412,3923,2315,921,384
fac7d328-1e34-445e-bfb8-070c01b2d81f,2021-01-22,30400,28400,13166,18211,25694,1729,8475,3773,3311,897,494,4413,2793,788,481
e388aee0-84d1-4723-96f8-70d20b9a0a50,2021-01-23,14138,12456,5607,8237,11400,1350,4241,1711,1742,554,234,2012,1453,438,338
8047bbad-07b0-44c7-9bd9-58859341deba,2021-01-24,7893,10062,2959,5280,9017,699,2400,816,1019,461,104,858,899,384,259
af91b52b-c3c5-4208-82d5-a2bdbfa2e6ea,2021-01-25,27271,47389,11655,19947,41135,1923,6983,2789,2767,1109,318,2682,2448,1356,497
28bab9fe-1423-419d-9600-8500fe05ea77,2021-01-26,29451,28210,13076,17621,25281,1683,9199,4083,3728,1003,385,4692,2983,977,547
7ac21948-565f-41b7-b026-4b1dd0ff0d2a,2021-01-27,30489,28784,13151,18325,25907,1890,8510,3937,3222,1000,351,4322,2798,840,550
ff6212ac-c679-4573-a613-afaebdd8a5f2,2021-01-28,25820,28281,11716,15917,24885,1583,8014,3653,3213,797,351,4203,2590,775,446
df46b219-6cd8-44cc-9389-9c5f71289a44,2021-01-29,31339,31412,13063,19070,28459,2159,8059,3540,3394,782,343,4085,2827,725,422
200c2a52-9168-4dcb-acda-fb7598e67025,2021-01-30,14431,16550,5503,9075,15163,1240,4058,1571,1717,544,226,1935,1455,383,285
c1c18aca-ce57-4f73-b059-c742b615ae2c,2021-01-31,7639,14843,2779,5621,13084,998,2577,885,1048,517,127,944,914,389,330
f2feb040-a954-4426-a300-9fca5ed61926,2021-02-01,27508,55139,11535,21407,47606,2099,7237,2908,2970,1064,295,2731,2645,1395,466
c0d84c41-90a4-4f11-b7bc-79d6ec21aafa,2021-02-02,29998,33802,13316,18434,30303,1747,9159,4086,3480,1191,402,4587,2866,1023,683
adebe099-91e4-405b-9418-c5aa9dd5a8ee,2021-02-03,31798,33103,13591,18884,29963,2463,9670,4297,3859,1137,377,4769,3270,995,636
4e5a5ccb-1b1b-4a90-bc02-c5c89783eac2,2021-02-04,27749,33801,12499,17356,30090,1605,8113,3642,3115,997,359,4132,2544,911,526
63689bbd-8725-4b43-a364-ca86043693d1,2021-02-05,31200,36480,12958,19937,32403,2382,8633,3686,3510,962,475,4451,2764,867,551
8c664459-112c-4de7-a054-7c8659a922aa,2021-02-06,14901,17192,5655,9644,15468,1326,4823,1775,2121,593,334,2382,1691,468,282
a9419463-f70e-407a-8af8-41a4866b9436,2021-02-07,7820,16741,2775,6137,14669,980,2453,734,994,547,178,866,840,479,268
95b6099d-e3c9-40f0-bd58-076225b15e15,2021-02-08,25607,55538,10511,21199,47486,1949,7790,2877,3236,1249,428,2889,2844,1515,542
ab71da6b-11e7-4d9d-a015-60c536701b79,2021-02-09,31378,36930,13213,20401,32841,1853,10292,4479,4173,1188,452,5157,3326,1145,664
aef21c2f-1a8b-4d1b-a38d-c9eaea8d66cd,2021-02-10,29931,35187,13123,19010,31242,1743,9556,4291,3679,1166,420,4750,3037,1185,584
51d2f517-c60a-4ba3-9856-ad71da6c0e6c,2021-02-11,28245,35437,12660,17912,31358,1752,9031,4025,3438,1155,413,4514,2818,1051,648
c0f04935-71e2-4f17-b0c9-20f69681b49e,2021-02-12,31066,40696,13244,20471,36119,1928,8837,3885,3557,924,471,4531,2891,918,497
9f1bd870-dfa8-48b5-854e-4c4606f17e17,2021-02-13,16460,19489,6453,10352,17966,1178,5144,1920,2078,727,419,2469,1776,504,395
02dca0d5-eb4c-415b-b23e-039039caf47c,2021-02-14,8391,20537,2840,6336,18522,1230,2883,791,1138,588,366,1055,964,538,326
c36f1fb4-f6a4-4abf-af16-2106fdd62eeb,2021-02-15,29134,63692,11904,23622,55110,2190,8909,3262,3779,1370,498,3185,3353,1796,575
66ee1bc1-3494-4f56-aa83-ba236bebb19b,2021-02-16,34544,44547,15092,22339,39697,1963,12616,5576,4913,1549,578,6270,4030,1515,801
0d15268f-2421-45d0-8035-d096948ac276,2021-02-17,32787,43559,14299,21615,38666,1766,10950,4848,4107,1407,588,5418,3372,1467,693
a8ded666-5187-435b-9bf3-04a306452867,2021-02-18,34079,45172,15091,22129,39963,2068,11712,5160,4460,1354,738,5856,3655,1429,772
580b2526-6610-4bae-9658-75b01da8d795,2021-02-19,37512,48998,16331,25021,42904,2254,11294,5013,4419,1197,665,5577,3706,1358,653
90f614d8-282e-4ee1-b95d-0124f86855ff,2021-02-20,18811,21230,7016,12425,19027,1573,6777,2494,2822,887,574,3177,2447,688,465
30439ef2-c989-4619-b34e-c1f58c41f552,2021-02-21,9577,25491,3297,7865,22824,1082,4071,1228,1608,781,454,1430,1586,745,310
006eae62-f06d-4552-ae46-5859ed21d859,2021-02-22,33905,75249,14322,28478,64595,1759,11428,4425,4734,1703,566,4307,4042,2294,785
baf8260e-b645-4627-873d-0816b1bd2ff1,2021-02-23,40916,56143,17738,27283,49760,2278,15856,6871,6155,1915,915,7932,4999,1856,1069
ccf075a4-5454-4cba-831c-e2fce9403cab,2021-02-24,40180,56992,17941,27353,50018,1860,13811,6630,5217,1582,382,6926,4250,1726,909
ca9682f8-7c06-4f7b-97ec-94bfdaf8c6da,2021-02-25,39770,57970,17660,26616,51277,2187,14599,6467,5493,1748,891,7453,4516,1635,995
c1202069-0f80-41c9-a296-56bbfbbb898a,2021-02-26,41889,60898,18656,29008,52802,2321,14803,6436,5471,1455,1441,7463,5012,1458,870
09b85ae0-ec97-491d-ba0a-896742520560,2021-02-27,23066,27241,9090,14946,24593,1678,7864,3042,3034,898,890,3859,2829,703,473
6343ab54-a23c-4411-a87e-d604f8177aa4,2021-02-28,11707,28438,4208,9275,25610,1052,4596,1375,1793,835,593,1679,1714,809,394
011c9967-9dbe-4e9d-8733-31cfb49b9fad,2021-03-01,35122,92542,15535,30776,79482,1871,12346,4954,4868,1732,792,4772,4337,2497,740
48739306-35bb-4445-bc95-669771c38b1f,2021-03-02,44583,71590,19683,30595,63511,2384,16808,7333,6379,1969,1127,8281,5473,1992,1062
946d505e-c39a-414e-ac15-67335df8b66b,2021-03-03,41165,76035,18688,28860,67764,1888,15256,6893,5618,1789,956,7985,4530,1733,1008
52be7038-870d-41de-ad74-1abf596cc907,2021-03-04,39861,91330,18326,29738,80891,2236,14657,6799,5182,1663,1013,7898,4190,1544,1025
aa8c45f9-6b5d-4950-82d8-bfd2ede50aaa,2021-03-05,42798,96635,19078,32238,85674,2443,13174,5791,4915,1561,907,6667,4077,1501,929
6b18a8c4-5e06-49a2-b068-5a68955f4d34,2021-03-06,22009,36319,8419,14576,33467,1866,9132,3534,3552,1177,869,4630,3078,680,744
9b357d01-4b5a-4ebc-9186-d14c092fbd3c,2021-03-07,11099,35873,4171,9082,32627,1092,3987,1313,1394,718,562,1624,1307,698,358
7df16322-fc8f-4203-aad0-6fe98fef2a00,2021-03-08,32809,172535,14473,38111,150501,2259,10670,4325,4256,1350,739,4258,3789,1933,690
d02f8e1c-bdd6-4c65-a131-bbf4bd82d683,2021-03-09,40091,170814,17342,38923,151634,3006,15371,6313,6080,1643,1335,7972,5045,1301,1053
a9d00928-4289-4632-a9e1-bdcc5187a519,2021-03-10,40987,175207,17564,39448,156859,2323,14555,6308,5615,1618,1014,7811,4833,712,1199
fd83d60c-4336-4cce-936d-353fb0774ddc,2021-03-11,35285,189614,15534,39021,168423,1921,11254,4901,4163,1330,860,6012,3574,681,987
9c647ec9-7177-4f49-af29-56d2860e01d3,2021-03-12,39761,160649,17260,37037,143354,2759,14981,6575,5440,2079,887,6811,4455,2499,1216
85472f6a-c433-4d92-92c7-b2d0e7820f41,2021-03-13,17841,50956,7437,13734,46374,1252,7039,2538,2689,1043,769,3347,2459,503,730
418af437-a1e4-4137-91f4-7f07a5bd4f48,2021-03-14,8287,52289,3216,9371,47152,837,3338,955,1276,657,450,1259,1176,586,317
c34b4678-1c1b-494a-950b-515af15b9071,2021-03-15,33477,233614,14282,45390,203984,3435,10640,4035,4604,1423,578,4090,4015,1617,918
32b7751b-62df-4e80-88bf-43811378b877,2021-03-16,37364,200708,16313,41552,177884,2323,14048,5833,5605,1606,1004,7011,4786,1123,1128
a16ba134-be5c-4916-ae0e-74c5e0a3e3c0,2021-03-17,34342,193448,15027,38944,171255,2564,12042,5158,4672,1447,765,6030,4040,940,1032
674a9e8a-ebfc-4f94-9b51-8d38dac6f919,2021-03-18,30851,194380,13479,37512,172184,2056,10683,4413,4187,1373,710,5295,3497,891,1000
f0582ed6-5a6b-4b69-8c6f-1c5cdabe1ac3,2021-03-19,32095,156662,13648,32685,139482,2942,9726,3881,3774,1241,830,4621,3331,849,925
878ab40d-fbe3-4154-a898-6a25acf626d5,2021-03-20,17107,48197,7087,12558,44542,1117,5494,1987,2289,726,492,2579,2045,386,484
0bf90b22-d1d5-4a79-92e4-3c1dd186e3f7,2021-03-21,7953,52059,2731,9436,46958,887,2392,670,1025,489,208,846,927,353,266
4b9e01d3-c164-4475-905b-c5b43cee8198,2021-03-22,29599,251434,12244,46492,219078,3219,8250,2829,3719,899,803,3132,3386,1198,534
e0dbf550-4c19-412e-829c-696ca59f4050,2021-03-23,33543,221367,14802,42041,196017,2050,10982,4540,4684,1216,542,5259,3929,880,914
88af85e0-97c5-4bb6-991a-33e5641a48a3,2021-03-24,28218,209303,12673,37127,185593,2128,8861,3854,3394,1164,449,4264,3031,747,819
3afcc884-3b44-4c7c-ab00-d69ad158fbcd,2021-03-25,27730,204063,12611,36548,180707,1927,7940,3151,3118,1017,654,3786,2726,690,738
4456f582-d755-4273-b0ea-ac96744ecdb5,2021-03-26,27104,158291,11910,31083,140128,2274,7724,3090,3167,952,515,3629,2724,659,712
3b518467-289f-42ed-a393-d95e5dea407e,2021-03-27,12626,39929,4928,9940,36479,1208,3978,1371,1610,547,450,1766,1538,332,342
e636e706-fc9f-4cf8-81c2-af6c50d9ca4b,2021-03-28,6309,44545,3772,7192,38968,922,1744,450,760,347,187,609,682,288,165
e8a26ab9-7f29-4663-998b-3e3a082ef645,2021-03-29,27003,264096,12397,45712,231254,1736,6946,2616,3126,819,385,2569,2800,1017,560
f7069927-9d1c-4b31-9c8b-fdb682645edd,2021-03-30,28973,223717,13253,39394,197879,2164,8641,3505,3561,1017,558,4128,3095,676,742
4904bc0b-865c-4bca-b76c-ce60c2f3a3d3,2021-03-31,26006,212902,11922,37029,188183,1774,7274,3027,2848,908,491,3471,2570,574,659
ac814566-217a-42e6-9215-2d397efb697a,2021-04-01,24835,247256,10613,41801,217540,2137,6252,2559,2538,866,289,2748,2251,552,701
5596af21-140b-4f1d-9d24-27ab3e978ccc,2021-04-02,14628,50348,5327,12026,46291,1332,3839,1377,1530,584,348,1701,1402,268,468
d227df5d-9c4f-4574-98a1-2ef6aafca381,2021-04-03,8375,36996,3131,7778,33511,951,2160,702,1019,291,148,852,842,285,181
a49b7060-a63d-408d-b2ed-0304d21b9d28,2021-04-04,7095,35916,2443,6921,32742,905,1929,462,857,376,234,608,809,334,178
7728030c-628d-4c26-b43b-6ffec6cc8ac8,2021-04-05,7597,54942,3811,8639,49266,823,1423,377,633,281,132,423,559,288,153
ef502b0b-2429-49e4-9cc1-87ccf648d154,2021-04-06,25682,390651,11390,61392,341263,2288,5595,2062,2524,684,325,1983,2348,855,409
55457791-e547-4a6d-9b63-3c7a3ccb9709,2021-04-07,27800,256943,12424,42994,227187,2138,7057,3105,2757,803,392,3553,2390,480,634
b2f346d7-04e8-4462-8336-bb1738755107,2021-04-08,22340,227718,9804,35655,202361,2238,5291,2374,1918,730,269,2724,1620,414,533
a8682375-bc9c-4d7e-a0bf-3df9eb5dcda7,2021-04-09,22727,157521,10084,27799,140177,2188,4830,2051,1887,620,272,2378,1585,384,483
ea2fec07-c393-4e4e-b4a8-1bfcfe36ded7,2021-04-10,11122,41994,4631,8634,38691,1160,2217,815,900,314,188,1072,743,195,207
75b05858-ec7b-49d5-b9a8-504ef3fe310c,2021-04-11,5866,53725,2187,8311,48158,935,986,281,437,203,65,329,378,172,107
7632eebd-c1be-4df1-b204-9a46a9018a09,2021-04-12,21515,283074,11394,46331,245342,1522,3870,1387,1813,422,248,1436,1625,537,272
74212b4e-f7c9-463e-a404-896d39bb27ea,2021-04-13,24273,253508,11062,41168,223255,2296,5073,2082,2189,478,324,2405,1958,318,392
1f25d009-1ab4-483e-9fd0-ea3bd984b6ea,2021-04-14,21045,225547,10008,36271,198486,1827,3720,1511,1559,438,212,1718,1392,283,327
85ae6b8a-5c9c-49fe-90fb-78df74809df2,2021-04-15,17483,221071,8307,35049,193517,1681,3273,1366,1305,442,160,1542,1129,261,341
ef50a3ac-f9f1-435c-9008-b67c003a980d,2021-04-16,19188,143312,8445,25283,126797,1975,3220,1258,1415,366,181,1488,1172,255,305
e81c154c-96a9-4d93-9efd-4b817a4a7710,2021-04-17,9758,40894,3733,8185,37684,1050,1542,504,670,213,155,679,600,130,133
20f08729-f55e-44f9-ad1c-fc639428894a,2021-04-18,6189,59231,2045,9124,53155,1096,837,220,396,161,60,275,348,135,79
032d119b-7b77-42c6-a13d-667f1625c354,2021-04-19,21605,289375,10711,46848,251632,1789,3343,1269,1508,416,150,1305,1334,430,274
944fcad6-7fe6-4df7-bb76-cf5c6a04ad81,2021-04-20,22306,249883,10060,39971,220334,1824,3817,1540,1525,477,275,1844,1352,289,332
eba8a95b-3738-4a19-b71e-3528e4149994,2021-04-21,19222,223807,8736,35730,197000,1563,2954,1196,1242,364,152,1361,1076,246,271
cebfb395-2996-4c0e-953f-69ff0e7b5fdc,2021-04-22,18158,223735,7642,35908,196214,2129,2630,1063,1088,312,167,1289,885,201,255
e6df2792-0a37-4069-82b7-64b61f044105,2021-04-23,18225,151554,7805,26101,134142,1731,2606,979,1167,292,168,1202,997,177,230
3da66dad-0641-4b27-8a60-5d86192e5946,2021-04-24,9222,45810,3250,8779,42208,795,1311,370,611,184,146,523,578,88,122
11c46a87-2b62-4815-a8c8-6914399d351f,2021-04-25,5403,54604,1624,8582,48833,968,827,210,418,126,73,302,350,114,61
7f64f96d-2eb5-43a6-ae48-b4cfc72cf33a,2021-04-26,21035,291826,10062,47755,252888,2156,2591,984,1184,311,112,989,1051,338,213
74a26c3f-1c63-4728-a511-06c7c1f1ab67,2021-04-27,20094,249838,8717,39893,219597,1725,3246,1282,1335,359,270,1524,1240,219,263
51de74a8-4131-4f8e-8996-bd1914628f77,2021-04-28,19747,227761,9357,35956,200575,1620,2490,1041,1039,278,132,1121,953,186,230
cd01bef8-4b7f-4ccc-b936-5b9ffc2f09bb,2021-04-29,18904,231595,7955,37885,203254,1405,2231,876,946,285,124,1028,797,193,213
2f59be26-14ac-4026-b6bd-a76580b0a4d0,2021-04-30,19370,153212,8375,27153,135367,1687,2172,813,998,258,103,985,836,148,203
d815181a-4f0e-4c83-92e0-637ef6560cde,2021-05-01,10327,34646,3597,7651,32836,889,1172,426,580,138,28,528,469,84,91
7424e47a-8b24-498a-80ed-f927a45078f6,2021-05-02,5781,68964,1752,11030,61348,615,510,147,258,89,16,184,193,85,48
67de940c-fe50-456e-bd51-062f4e80b128,2021-05-03,19691,329840,10226,52753,285106,1446,2222,731,990,225,276,861,982,235,144
88f2a2b3-3189-4c26-9ee7-8c99be97f54a,2021-05-04,19761,271449,8732,42333,238643,1502,2418,956,1090,268,104,1116,953,149,200
409c61c1-3bc7-4d00-8cda-5650ab043987,2021-05-05,16684,239305,8474,36390,209853,1272,1875,724,826,222,103,829,749,150,147
64eb6ae3-4981-4c3f-9a3c-0230036927eb,2021-05-06,15919,235275,7560,36440,206101,1093,1577,616,689,184,88,732,559,140,146
1a772cab-2eb9-44f5-8b06-10a44f3f397f,2021-05-07,17983,156996,7717,26517,138724,2021,1639,588,777,171,103,695,702,117,125
ac0e2e57-ac2c-405c-beb7-1939314597cc,2021-05-08,12137,37588,3836,8396,36660,833,729,246,337,91,55,324,306,38,61
2ec2b02c-56f9-48bb-8076-e902919288fa,2021-05-09,5882,67689,1809,10462,60638,662,385,114,180,59,32,130,167,48,40
02096cae-d337-44b9-96bf-8f2fa38be176,2021-05-10,22225,335511,10886,56160,289041,1649,1546,564,761,174,47,563,661,200,122
efd74fca-171d-4d80-87c0-8f0a9312d43e,2021-05-11,17460,263680,7868,40576,231193,1503,1694,708,658,228,100,795,632,107,160
05360fbf-89a5-4b8f-a13a-858151016b4a,2021-05-12,15271,234869,7607,35651,205410,1472,1266,455,533,184,94,551,473,104,138
3f0f0607-c212-43e5-9823-da4f57091dd4,2021-05-13,14316,241233,6752,37658,209878,1261,1228,445,521,190,72,536,449,99,144
cdb0ea61-2ced-429c-a2c0-c7c322ed17fc,2021-05-14,17389,160215,7522,26928,141406,1748,1053,407,466,131,49,459,432,76,86
82d06b37-39f4-4177-a4e5-1976b95dc7f5,2021-05-15,15067,38767,3205,10656,39045,928,597,171,287,67,72,239,281,27,50
ef14ddbc-880f-44c6-a9de-f1e1d3151992,2021-05-16,7120,65133,1741,10771,59086,655,257,58,118,49,32,75,118,37,27
b405a2ac-098f-42f4-8268-be685644272e,2021-05-17,36490,362986,12305,71549,313711,1911,1135,376,546,152,61,398,496,122,119
5367f099-d1a5-4c06-9ada-9336ece7538f,2021-05-18,24687,278830,9102,46049,246987,1379,1202,473,503,145,81,559,442,93,108
55d0594d-91d2-4bbf-8f45-5c7ec0988cc9,2021-05-19,25289,248023,8596,41905,221600,1211,781,272,372,101,36,338,320,53,70
275e01f8-df15-4a87-94e1-0cdb6b6bcb52,2021-05-20,19339,257413,6712,42190,226602,1248,680,247,317,80,36,290,270,57,63
de7490c3-c95d-40c5-af59-df8db81f22f4,2021-05-21,27681,190740,8558,37039,170177,2647,673,231,321,86,35,302,266,51,54
9c0ed8f9-fef9-4890-beed-eb01dce01d33,2021-05-22,9903,46791,3151,9218,43438,887,336,92,153,54,37,137,145,17,37
c80df3d7-4c9f-4596-85a4-de4b03827c35,2021-05-23,4464,66851,1581,10704,58270,760,198,47,99,35,17,77,84,23,14
ccdbdb75-79c9-4074-8b10-ac5e332b139d,2021-05-24,30291,335988,11153,63251,289990,1885,700,218,369,71,42,275,310,69,46
1dc3575a-d44c-4fe6-b593-b971279a23f8,2021-05-25,21377,242228,9843,38344,214261,1157,663,232,300,94,37,273,287,42,61
220fab18-3ae0-4e10-8ba2-7b7d319bfc54,2021-05-26,21814,208869,6850,34223,187877,1733,540,224,219,66,31,239,214,37,50
a88d88fd-d6a0-4f1f-a9b3-716dbfdb8278,2021-05-27,17316,218046,7306,35343,191512,1201,507,179,237,69,22,233,177,44,53
e25aa5ef-ed3f-4b20-9fdd-f8eafe01fbcf,2021-05-28,21977,173128,8347,31945,153483,1330,456,167,205,55,29,209,171,42,34
56169e0d-b165-4487-b69a-557f18eba4a1,2021-05-29,8968,46181,2911,9021,42178,1039,222,73,103,25,21,100,91,18,13
bf755e03-4065-4382-9f79-0269f6ff1167,2021-05-30,4503,59664,1779,9379,52312,697,113,19,60,20,14,32,57,18,6
c6bd9111-1985-42e1-a417-11d25a1eec89,2021-05-31,28375,308275,9948,58138,267064,1500,516,168,242,66,40,188,237,53,38
ba1de1cc-167e-406a-9c95-c73296dc2125,2021-06-01,25747,209550,7911,35396,190726,1264,480,160,230,54,36,234,208,6,32
05c190f2-ddba-40f1-b119-69148904df50,2021-06-02,26271,183980,6835,32755,169000,1661,355,107,158,54,36,162,156,11,26
63c96f18-0d82-4704-b9e7-fb7dba68d58d,2021-06-03,26188,198041,7119,35750,180088,1272,428,158,168,79,23,139,167,92,30
95bb8bbc-f832-4d95-91a0-d82d9e47485f,2021-06-04,26634,157359,7596,31227,143924,1246,324,94,149,58,23,126,145,22,31
a73fdd3e-509f-43b7-8802-670a1555e5d3,2021-06-05,12061,37733,2715,8708,37164,1207,153,41,58,37,17,51,82,11,9
f8d43e6d-37f7-4283-88bd-f01dcf3587be,2021-06-06,5932,48617,1593,8304,43660,992,98,16,42,22,18,26,52,9,11
c2a46cce-0a99-4fd0-b83e-e5a3da10d7ab,2021-06-07,31852,239419,9250,48120,212492,1409,297,77,133,68,19,98,128,46,25
526ccc48-9f18-43fb-bcfa-6de29898ddcc,2021-06-08,23562,173321,8164,29305,158406,1008,385,128,162,70,25,144,186,22,33
d216545e-f402-4c2f-a9fa-da93915a74f4,2021-06-09,30480,153918,6413,28739,146753,2493,251,65,107,54,25,87,123,15,26
fdfdfd5a-931d-4d0f-b500-ed3020bf6937,2021-06-10,20880,171416,5492,28974,156510,1320,190,53,77,43,17,60,96,19,15
440c49ff-6920-454d-9b4a-375147eaec14,2021-06-11,28089,147251,6244,29980,137638,1478,180,50,73,42,15,70,87,12,11
60690dd2-c0bd-42f1-adc2-eba087baea67,2021-06-12,12334,35647,2629,8271,36226,855,73,18,29,14,12,26,35,3,9
0ec09b4d-6335-40af-bb6a-f9a921fe7375,2021-06-13,6554,41819,1568,7537,38485,783,42,10,17,13,2,9,26,3,4
a3f28266-ae19-4fd0-b933-4e374b2ee543,2021-06-14,33780,210660,6675,45469,191014,1282,175,53,71,30,21,47,95,24,9
148255db-6378-4c5e-94e2-0fcf081a2e3b,2021-06-15,27746,156553,6463,27928,148732,1176,209,53,81,57,18,61,111,18,19
7864b425-3031-413a-bcec-a81e2a1777ab,2021-06-16,30860,144233,4390,27864,140936,1903,129,47,39,36,7,42,56,21,10
1eefc8d9-bd75-4f9f-ab11-b7d21464a9f5,2021-06-17,28986,170747,5451,31243,161528,1511,159,47,38,54,20,42,92,10,15
2423b116-8693-48db-9ede-6a12f635639b,2021-06-18,37318,140738,4899,32730,139184,1243,145,39,40,54,12,32,69,24,20
5854602d-0a35-45e6-bae5-19efe7bf9707,2021-06-19,13532,35153,2452,8999,36397,837,63,19,14,20,10,18,38,2,5
6bb71034-2aeb-4bca-9119-c30dec8619a7,2021-06-20,6972,36736,1355,7186,34475,692,57,8,15,21,13,9,40,4,4
6d713d40-9d05-402c-bce6-22048b8bff0c,2021-06-21,30978,182979,6860,39340,165142,2615,119,40,34,28,17,33,68,12,6
222079f3-9f00-4947-ab5d-5efb1627e99a,2021-06-22,25228,129760,5519,23660,124880,929,112,37,23,34,18,40,48,7,17
9125e5ce-db23-42d1-9447-5a33ff339c52,2021-06-23,24181,127989,4149,23291,123556,1174,107,34,32,26,15,36,50,12,9
8b3b8ed1-5357-461a-a232-2a5923ea1c3a,2021-06-24,29762,144407,4139,27369,141427,1234,98,20,30,35,13,20,49,12,17
0b1f163b-55ab-41bd-9dc6-cd7dec4969a1,2021-06-25,28109,117994,4574,24633,115646,1250,132,39,38,36,19,33,86,6,7
35ca7590-1e8b-4232-80b6-41c741b6523b,2021-06-26,23916,29202,2471,11636,35956,3055,68,11,18,32,7,13,43,9,3
3becd62b-9b27-40cc-846c-435f327b4b8b,2021-06-27,7670,32363,1201,6868,31023,941,58,10,13,23,12,14,29,6,9
acf9da1a-0e38-4c05-965b-1133dd0b1623,2021-06-28,32490,159953,5317,37378,147979,1769,152,24,31,54,43,39,91,9,13
e6390356-3bf0-44b4-b11c-f5b3cc1f2e3a,2021-06-29,44120,96432,5682,27186,105769,1915,156,43,44,62,7,44,94,6,12
a264b0fb-ecdf-4f70-8f12-e70ae8c998f0,2021-06-30,39180,98080,5126,26570,102248,3316,137,27,37,55,18,31,85,12,9
96b0223a-583d-4e78-9c7e-01fc5bcc213d,2021-07-01,48857,79438,4877,28610,91720,3088,167,48,43,53,23,53,77,13,24
c39b303c-bd11-4c0d-9d77-4a1aff180e83,2021-07-02,49755,107857,5128,35550,113825,3109,165,36,63,49,17,50,91,11,13
8a30c846-71c8-4cc2-a792-0a00d304a2e8,2021-07-03,37861,41448,2526,20701,45546,10536,126,19,46,36,25,35,78,3,10
64e205b9-f327-4cc2-b5ce-f146df51f882,2021-07-04,12809,34756,1511,10669,34379,1006,108,13,27,25,43,33,63,6,6
30b191ac-0b41-40c7-8db2-7353748b06f2,2021-07-05,12699,34077,1136,9747,34788,1105,130,28,37,46,19,25,74,13,18
ebd7580b-daa9-4640-96a6-f5bb393ce048,2021-07-06,9674,30762,995,8604,29825,1012,110,18,28,37,27,17,67,16,10
a4735517-b681-41c3-bff9-a713bb0c4880,2021-07-07,23666,58949,3243,16551,61031,1790,281,48,61,101,71,95,136,24,26
01d8f5eb-336d-430f-8332-51c8a2681466,2021-07-08,31631,61827,4323,19282,68087,1766,250,49,63,107,31,67,148,11,24
ce4a4644-9778-483a-a0f8-c9a74a8a9b77,2021-07-09,37682,98114,4245,31176,97675,2700,285,66,74,101,44,85,168,8,24
ee45089e-3a58-4548-82cc-4f62bc76c45c,2021-07-10,25750,45418,2768,17689,49551,1160,157,39,44,52,22,38,101,11,7
9ca4b2bb-50bb-4469-bd9d-e0966955730d,2021-07-11,14246,53476,1392,17787,47487,1056,148,22,44,64,18,26,102,7,13
23563154-9cb5-4b64-92ae-9aa4e40c249e,2021-07-12,30358,88204,4431,25485,86534,2112,245,56,63,90,36,84,121,17,23
91231726-a0dc-4626-afb5-67dc3d1f007c,2021-07-13,30874,63278,3756,18990,69660,1746,322,66,94,112,50,99,181,16,26
e72c9664-5ea9-481e-906a-86ca4610e81b,2021-07-14,29239,56998,3464,18113,62846,1814,262,44,86,87,45,58,162,15,27
d2537d43-4498-4fc8-9909-9e9e0bca017a,2021-07-15,37299,79076,4381,24608,85764,1622,226,47,62,85,32,62,124,17,23
45edf361-74c5-4ff8-9aa7-29194374215f,2021-07-16,46774,110461,5268,36872,112515,2580,242,53,52,104,33,61,141,15,25
2acc6879-d68a-4396-aca1-97cca58989e3,2021-07-17,32394,53528,2553,22023,60013,1333,197,37,64,70,26,44,135,6,12
c66ddccf-78bf-4375-840a-85c4f0dde35c,2021-07-18,14032,53347,1578,17708,47398,695,116,24,30,42,20,27,72,6,11
85a524cf-652c-4bac-bd61-2fb8df97d742,2021-07-19,30560,84132,3873,24907,83707,2205,219,55,63,75,26,53,117,18,31
3e1a3710-1975-41b5-b03e-cff72d9c7a49,2021-07-20,30651,50865,3834,16876,59118,1688,300,63,97,121,19,94,162,14,30
37931748-cd86-4fa1-9542-dedbf8b4d03c,2021-07-21,29446,52631,3653,16729,60203,1492,233,57,80,75,21,80,119,10,24
95020d0c-ad36-43a3-b9fb-b42809f1912f,2021-07-22,38180,79353,4665,24488,86592,1788,200,54,48,79,19,68,94,10,28
15f48ced-930a-483c-ab80-f829d1e238ce,2021-07-23,47075,119421,4671,38528,121006,2291,189,48,52,68,21,53,109,13,14
b3fd24c0-6042-46fc-ba73-576f55dc42b3,2021-07-24,30909,59736,2928,22896,64076,745,126,27,29,60,10,33,69,6,18
c35eee61-1a17-43e3-9f3b-da4525b02215,2021-07-25,15492,53990,1599,18400,48808,675,81,13,18,40,10,9,55,4,13
87c73d67-a1ac-42a7-8490-8fe9327a4fb5,2021-07-26,32003,83636,3715,27025,82834,2065,198,57,43,51,47,55,115,16,12
84f74ba6-3706-4a12-8920-1192b27e7a73,2021-07-27,35384,57653,3778,20640,66333,2286,256,53,77,96,30,86,131,11,28
73fad916-dbff-46ce-909e-b202a857e52c,2021-07-28,33002,59907,3213,20646,67394,1656,192,37,60,68,27,71,104,4,13
873f6100-96ed-4100-b77b-74205231135a,2021-07-29,39632,80703,3706,27153,87645,1831,206,59,60,67,20,69,114,7,16
cd57a8c0-f14d-4921-be50-ea3c57c51955,2021-07-30,51464,119947,4024,41583,123349,2455,138,36,52,37,13,54,68,4,12
85bb327e-373e-45be-a5ff-99d588004622,2021-07-31,37413,58065,1743,25381,67096,1258,115,14,38,42,21,21,83,5,6
d953640c-108f-43c3-adfd-f2530617e56a,2021-08-01,15170,51214,1376,18665,45618,725,77,13,35,18,11,10,56,6,5
98c84116-950a-4e35-9cd9-485457417bf4,2021-08-02,34233,85057,5060,28231,84045,1954,152,33,49,60,10,43,83,8,18
ca29ef56-8e0c-4f1c-9a5d-3546f7cf735f,2021-08-03,39753,53253,2920,21228,66776,2082,238,52,85,92,9,62,148,11,17
e63c9b50-0178-41a6-ad06-efe897c2abf2,2021-08-04,31232,53939,2827,19209,61546,1589,208,61,71,68,8,75,105,9,19
fabdaba7-5f8d-4bd6-ad3a-484e4238715c,2021-08-05,40511,70453,3174,24853,81061,1876,164,31,53,69,11,46,100,9,9
ef9784b4-072e-46d4-b2db-4e61ce3753be,2021-08-06,53281,108922,4015,40144,115581,2463,175,33,69,65,8,51,89,12,23
a7edafce-b11a-499f-bb97-d444a9092202,2021-08-07,38648,51214,1467,24300,62555,1540,154,12,65,72,5,27,108,6,13
02b3196c-cc21-4e3f-abdd-b33aa111c4ab,2021-08-08,19531,51773,1150,20570,48663,921,106,14,46,43,3,20,67,7,12
65145393-6577-48e9-a3fc-ddcf8d4d42b3,2021-08-09,33919,83752,3442,27688,85238,1303,172,27,69,62,14,38,96,25,13
0bd833de-dbaa-4026-9098-235d96977b3d,2021-08-10,38340,53940,2756,20790,66360,2374,260,57,75,85,43,102,133,14,11
67697b7b-afc1-4532-b222-251351fcf60a,2021-08-11,32798,53414,2813,19761,62035,1603,219,42,88,74,15,73,126,5,15
5466f514-09b4-4862-b270-f11c5996396d,2021-08-12,39126,72210,3112,26417,80154,1653,190,35,67,75,13,51,119,11,9
f45db137-9f20-4f4d-aed6-54c9b210152b,2021-08-13,53941,113610,3877,43253,118813,1608,219,43,78,85,13,46,136,14,23
b07c9228-19f5-451e-b678-94017fb0459c,2021-08-14,40050,59812,1504,28146,68787,1425,142,25,49,61,7,34,90,5,13
1aa97992-e02c-46d2-9fa0-bf63212543f5,2021-08-15,16428,51423,1076,20282,45426,1067,77,9,29,32,7,11,55,7,4
b52300f9-08b7-4133-a1c7-3c28e72aa938,2021-08-16,35582,78050,3169,27590,81318,1555,215,38,76,87,14,58,123,19,15
9907cf86-8f78-4859-a664-7ac0a44ef7a1,2021-08-17,33933,46978,2721,18731,57577,1882,300,55,107,120,18,83,177,18,22
0cceb667-6e8e-4f40-b3f0-0e90427f298b,2021-08-18,31989,49360,2520,18556,58895,1378,208,51,65,78,14,60,110,17,21
9f4426b7-3c08-450e-8fa8-db0337e74fbc,2021-08-19,36710,65290,2615,23810,74095,1480,166,27,55,79,5,36,109,7,14
5906451c-0f69-42ad-b5ba-d737fce36e04,2021-08-20,47345,105211,3420,38765,109026,1345,171,30,59,67,15,43,104,12,12
53d5bb96-9ac4-420a-8747-b9eae2690fcb,2021-08-21,30068,48760,1270,22102,54773,683,134,23,38,69,4,33,92,4,5
c0f51fd0-6ec9-4aef-9ff1-64545527f4b6,2021-08-22,16258,48384,1053,19313,43980,296,107,12,32,63,0,12,79,5,11
115e4c59-a93a-4bfc-8a77-d0406bba63f7,2021-08-23,31773,69585,3247,24418,73018,675,211,42,59,102,8,51,113,15,32
60ea52cb-35e1-4e4d-a305-26d324b0f64d,2021-08-24,29511,46607,2463,18125,54018,1512,249,61,79,96,13,74,149,10,16
d1575273-ce83-4aad-ad60-65de3d1ee3de,2021-08-25,26485,46146,2705,16671,51953,1302,246,61,65,103,17,64,139,23,20
80155ad5-f0f6-4e19-b864-7bee123950be,2021-08-26,29484,64525,2488,20966,69643,912,212,36,80,89,7,49,138,7,18
46755900-8e5c-4f3d-badd-fa9be1714561,2021-08-27,30851,92092,2779,28458,90742,964,182,36,65,73,8,44,110,16,12
8a145638-ce08-4092-9859-1ebdc2a34f91,2021-08-28,17863,38549,1227,13317,40969,899,133,28,40,58,7,34,90,4,5
75021825-d3b5-44d4-9e0d-0a79c0df7036,2021-08-29,9841,30844,1043,9933,28838,871,81,11,32,34,4,14,55,9,3
1fe320d7-877e-4a3a-bd82-880e26df8048,2021-08-30,28208,56763,3114,19012,60890,1955,241,42,98,86,15,43,153,27,18
9e8820af-bbe4-4bb9-95d7-d29823fd4153,2021-08-31,39249,52356,3305,23026,64061,1213,291,56,101,122,12,68,187,10,26
cb046146-8526-4273-9403-af5b26d0277f,2021-09-01,48877,43526,3387,26701,60094,2221,262,72,97,86,7,77,153,21,11
61a2e5a8-2bda-41ca-a300-deba62cd53e8,2021-09-02,61100,49295,2747,29897,72321,5430,306,94,86,116,10,97,166,24,19
235d0871-01b0-4d3d-9e3f-9017170749af,2021-09-03,23916,76775,2893,20358,76235,1205,308,73,113,114,8,76,169,39,24
561f1357-ff18-4b0c-897a-b94860594edc,2021-09-04,17096,30635,1165,10589,35071,906,206,30,89,82,5,43,136,9,18
93624622-4489-425c-9cc3-95068cb6084f,2021-09-05,8673,25108,922,7636,24491,732,140,28,48,59,5,29,89,12,10
7dfe5421-55c8-42de-8f03-3604b3fa20ee,2021-09-06,47867,50784,3929,26186,66745,1791,393,106,142,124,21,92,224,45,32
1b227584-3d4b-4343-9d83-2250e477f6a0,2021-09-07,43563,32081,3341,19376,51604,1323,583,119,208,231,25,154,359,29,41
43278649-fc10-48a7-8656-20593c877065,2021-09-08,28213,41752,3947,14691,50165,1162,381,106,123,133,19,108,225,24,24
ba911d86-4c31-4573-bb28-f9f35dee0c2e,2021-09-09,27921,60652,3440,20237,63828,1068,419,122,139,148,10,120,250,25,24
e4858a19-84bd-4ad0-b7ef-4da15279712c,2021-09-10,29318,79131,3642,22961,80654,1192,444,112,161,149,22,124,269,25,26
b0524b56-e06c-4996-9b17-68a77ebf20a8,2021-09-11,17206,33012,1475,11039,36948,756,250,50,92,101,7,59,162,11,18
3852dd38-5b48-4847-bcce-f965efc5cec3,2021-09-12,8326,26975,1084,8198,25354,665,136,22,53,57,4,24,83,18,11
d35ea360-776a-4df5-845a-4b5420d64f77,2021-09-13,22065,53142,4158,15086,54621,1342,492,115,195,166,16,131,265,52,44
7512c4c0-a044-4aa6-b01a-f538a1501831,2021-09-14,22954,39003,3787,13354,43880,936,557,136,227,180,14,152,332,47,26
9c3f5e80-6d1d-4baf-831f-0caeac426a38,2021-09-15,23571,43545,3958,14752,47417,989,523,107,230,170,16,149,306,31,37
3a2b4d06-6d59-4888-b496-e42b098cfa7b,2021-09-16,25323,59867,4042,19182,61030,936,556,137,210,194,15,159,321,46,30
9210b91a-27ca-4d58-95be-d47ed8551d34,2021-09-17,29235,95675,4302,31474,88034,1100,443,128,182,128,5,143,245,26,29
3ef47340-91cf-4d3e-ac24-d0f89ef226ef,2021-09-18,17060,37668,1797,14471,37437,1023,301,57,119,121,4,77,195,8,21
25516fe9-d29c-4d29-b408-336b734390a4,2021-09-19,8029,28624,1111,9107,25755,680,187,23,71,88,5,31,130,14,12
0a7150ef-98ff-4db1-b0fd-c1f6d7944dc0,2021-09-20,24477,55252,4717,16173,56376,2463,481,120,180,165,16,99,269,73,40
5da8e4d0-21e9-4d0a-8d9c-9a763890f32e,2021-09-21,24155,39472,4573,13977,43937,1140,596,132,260,183,21,185,330,36,45
bcf201da-13c3-48c8-93b8-0d14e1c7be06,2021-09-22,26115,41232,4363,15113,46738,1133,523,116,241,148,18,145,315,36,27
6117be74-ecaa-4133-9f3d-a7332b38bd63,2021-09-23,33017,56484,4278,20837,63170,1216,483,103,215,158,7,145,280,31,27
1a701611-4f22-40d4-862d-acaa2514a8f3,2021-09-24,36047,90493,4435,32756,87784,1565,511,118,221,164,8,149,295,34,33
66b9a6a9-a966-462f-a385-5ada8596602b,2021-09-25,18913,34447,1660,14345,36371,984,414,59,175,170,10,90,276,11,37
1809013c-3d7f-4976-b2d8-fbd2dea3da5c,2021-09-26,8220,24914,1147,8192,23083,712,249,43,76,114,16,47,160,27,15
a53b0ce7-db09-4710-8589-7816ae26399a,2021-09-27,24288,52390,3979,16980,54560,1159,673,165,264,224,20,163,380,84,46
6d9aa511-db1f-438c-bb65-84ef18ebe912,2021-09-28,14611,21251,1532,9480,23984,866,474,79,194,190,11,113,313,14,34
db1a7441-932d-4756-86e2-a1a79e04c634,2021-09-29,21573,52716,4647,16908,51713,1021,733,185,259,264,25,197,399,84,53
2281a0c1-0ea6-4b6a-887e-1a4ac6b3602a,2021-09-30,29705,55833,4477,19334,60406,1321,920,244,361,295,20,285,513,68,54
f4327432-dbaf-498a-91cd-a92b52ca52e9,2021-10-01,28934,80907,4653,28083,75939,1166,828,187,350,275,16,251,443,62,72
a7bba037-df62-4710-9251-ec55b699dfa1,2021-10-02,14498,28969,1680,11768,29219,800,552,108,218,216,10,147,332,20,53
0c39eeff-e81c-4690-9312-50ae004235ff,2021-10-03,7976,23736,1205,7793,22060,654,318,64,125,115,14,81,179,30,28
0680d146-46f7-4b7a-aa5c-c7625d528328,2021-10-04,21844,47963,5236,14409,49238,924,805,217,301,257,30,213,432,121,39
ae4211d7-d9cb-49bf-81ce-1e04afa70b97,2021-10-05,22519,32903,4769,12398,37220,1035,1112,299,429,363,21,340,605,103,64
c63f587a-f55a-4dac-a756-cb76cff57588,2021-10-06,22909,39904,4780,14640,42501,892,1048,266,426,337,19,298,614,93,43
3a97ce2c-7121-4d3c-ab21-4923b4c7943c,2021-10-07,24494,52907,4366,18287,53906,842,991,253,384,331,23,274,586,88,43
b8e08634-48b6-4964-a6bb-a057636e20fc,2021-10-08,27324,82548,4385,29030,75351,1106,1017,259,435,304,19,302,553,100,62
a7e42bee-3808-4c0e-b8cd-19cfad07f173,2021-10-09,15303,26238,1655,11695,27320,871,666,91,308,255,12,140,436,32,58
ebe4d0aa-726f-4849-be77-26ca910e1380,2021-10-10,7919,22395,1300,7712,20709,593,336,59,136,134,7,76,196,35,29
3e7a0b1a-9240-42d8-9d29-7d6e930ae7ba,2021-10-11,21438,51343,5334,16058,50455,934,1343,343,585,388,27,351,750,156,86
9172deba-9686-41b3-ae6a-d9b9379b0057,2021-10-12,24761,34239,5056,14787,38046,1111,1507,369,635,475,28,430,846,133,98
91b72282-5a6f-4516-8767-90a1ae79e71f,2021-10-13,31644,40367,5589,19391,45949,1082,1499,409,669,399,22,522,766,137,74
b1ad613d-c3ff-4131-808f-470065352586,2021-10-14,29198,55799,4797,21128,57988,1084,1540,373,725,419,23,492,836,130,82
5056c87b-669d-452a-8c60-4eb7920f0d03,2021-10-15,32041,87195,5539,32491,79770,1436,1784,428,784,522,50,536,971,181,96
96d336f0-5250-4701-8e69-063a0060de5c,2021-10-16,17671,32712,2217,15213,32008,945,1158,211,513,414,20,313,718,53,74
5f06d486-99bd-4917-accb-0c8dd6ae5ff5,2021-10-17,10259,24446,1597,9621,22760,727,795,141,301,336,17,160,511,66,58
cb7d990f-6eae-4eba-9f74-911dc2ca4be5,2021-10-18,27244,55680,7072,19610,55238,1004,2533,722,998,760,53,638,1316,375,204
4fdb15cc-7d2e-4182-a090-b0e4bd161221,2021-10-19,33805,38295,6710,19427,44453,1510,3250,832,1353,1009,56,1045,1743,242,220
22751799-b73c-4aea-b8da-c50b5c507669,2021-10-20,34441,47555,6958,22525,51171,1342,3279,837,1376,991,75,972,1817,299,191
19cdf3ec-4aff-428a-80c2-9323cb98e621,2021-10-21,41862,60337,7334,27592,65841,1432,3643,971,1448,1151,73,1162,1985,313,183
81421375-abbb-4de5-92b5-26ed8cb3c4e2,2021-10-22,45389,93251,7790,39039,90113,1698,4237,1167,1683,1314,73,1349,2218,388,282
dbb65e9a-7942-4729-926d-b17eebb3b3d8,2021-10-23,30076,35315,3153,20778,40155,1305,2756,463,1106,1135,52,706,1702,111,237
f2b8467b-8efc-4a53-87e4-d224bf658cbe,2021-10-24,17154,28123,2041,13074,29324,838,1838,313,657,837,31,354,1177,156,151
279663a9-8871-485b-aa32-e126488643d4,2021-10-25,40430,64428,8963,27221,67148,1526,4284,1235,1602,1348,99,1099,2269,644,272
fe027c06-870a-4628-ad23-b3fbaf4739af,2021-10-26,61667,53335,9361,35653,68040,1948,6288,1738,2306,2105,139,1961,3491,459,377
20902d28-6b2d-4455-8862-2717ded811c2,2021-10-27,64256,78768,8877,43242,88422,2483,5850,1685,2268,1737,160,1911,3107,536,296
fef0b741-68c7-4f16-9712-9c419f66eded,2021-10-28,42235,31920,3692,22512,46109,1842,4355,899,1615,1731,110,1172,2774,160,249
8fbb7dd4-d947-4797-a923-1c835a599e6a,2021-10-29,44952,86984,8232,35846,86495,1363,5753,1662,1967,2039,85,1628,3103,641,381
4a3dbeea-ffbe-4ae5-926a-33948faf8be4,2021-10-30,38050,32160,4039,21074,43083,2014,5058,974,1833,2117,134,1303,3167,236,352
da593d47-df5a-4805-a46a-43b0499f4b8d,2021-10-31,24687,38050,2933,16783,40666,2355,2780,462,876,1253,189,508,1797,290,185
ac9b5de5-a5c1-4d84-aff7-063b964f2177,2021-11-01,64233,48958,13087,32881,64595,2628,7610,2752,2468,2177,213,2335,3466,1300,509
481e757d-e3c7-4823-a7d2-eb6806669f00,2021-11-02,60112,33334,14993,30236,45863,2354,9921,4109,3222,2408,182,4254,4286,897,484
febe9060-90ec-41f3-b86e-79214f0ddd78,2021-11-03,42841,37916,14671,23958,40328,1800,9472,4367,3128,1744,233,4744,3502,817,409
29beab22-5665-40e7-b183-48edcfd0f728,2021-11-04,43690,41406,14489,23584,45152,1871,8465,4019,2625,1631,190,4342,2940,809,374
7e6ac0d4-df28-45b8-b548-931a769b32bb,2021-11-05,50391,65549,15391,33650,64790,2109,9246,4385,2972,1715,174,4697,3275,845,429
bf27f9d5-b3ae-4be4-91f0-934b53ceed76,2021-11-06,35109,36700,7130,24107,38959,1613,5740,2004,2178,1463,95,2533,2669,231,307
79a80a0e-7a17-4e44-9d63-f3d3e970ef19,2021-11-07,18289,24841,3540,14405,24040,1145,3010,847,1147,923,93,901,1670,277,162
b75fb21f-95b5-4f31-985e-9a359e76578f,2021-11-08,49849,54700,15327,31766,55390,2066,9275,3786,3197,2036,256,3192,4020,1621,442
0d95b122-735c-447d-a50d-fee23e57f2b6,2021-11-09,69187,39006,18280,37766,49775,2372,14566,6083,5123,3000,360,6639,6332,1042,553
fd273a6a-5745-4528-a13a-e857e567d75a,2021-11-10,64141,41263,17843,35997,49143,2421,13523,5902,4786,2567,268,6547,5453,979,544
d6d84090-6e23-406e-be88-23ef0d9ba3f8,2021-11-11,64176,48779,16941,36903,56966,2145,10421,4607,3602,1953,259,4959,4087,977,398
6e343e96-f243-4109-b06f-097caf3d9069,2021-11-12,73075,65853,18033,46048,71927,2920,14231,6139,5010,2769,313,6951,5719,986,575
87797e29-ce87-4d94-b39a-46aa3af641ed,2021-11-13,45983,34469,8784,29044,40851,1773,9173,3228,3647,2128,170,4164,4239,313,457
7241142e-cb3c-4021-b46c-a77093296aa4,2021-11-14,28344,24142,5175,18706,27254,1351,5663,1541,2349,1611,162,1914,2991,440,318
65c2cdb7-d356-404b-b1af-564bbeb2a8ef,2021-11-15,66854,58556,17672,40804,64920,2014,11537,4403,4309,2510,315,3925,4954,2087,571
d46ce0c6-942d-44a5-996d-9555ade3c46d,2021-11-16,95452,49874,22895,53064,66973,2394,22508,8924,8419,4655,510,10042,10187,1424,855
ba1841b8-9417-40d4-8b39-e4a04eb4497c,2021-11-17,61762,23460,12908,33077,37446,1791,14150,5408,5158,3279,305,6577,6629,394,550
5fc650d4-990a-4a4d-b0c3-d27df5a769c1,2021-11-18,64246,50281,18246,37477,56659,2145,13410,5451,4826,2841,292,5513,5587,1733,577
81771700-f035-45c9-9b8c-6bd42bea5f30,2021-11-19,91513,64720,24266,52351,76693,2923,22957,9895,7873,4653,536,11249,9439,1459,810
828cd955-9090-4b2f-9be9-101826a4a513,2021-11-20,65686,33139,14068,35599,47134,2024,14410,5584,5106,3442,278,6872,6658,355,525
9138d693-3c5d-4be7-b3e2-db3a65d4dff9,2021-11-21,36092,25794,6801,22133,31680,1272,8257,2423,3131,2447,256,2998,4447,411,401
2a05f3ee-9061-4573-8c7e-12495d8ca9af,2021-11-22,78128,44693,19877,40845,58941,3158,14495,5498,4971,3440,586,5066,6697,2139,593
e997d97a-41b8-4b1e-b3a0-ea3e9d0aa625,2021-11-23,104645,27607,27231,46059,55135,3827,25892,10517,8730,5832,813,11706,12152,1269,765
64969914-6523-4b1e-9419-de18f5dabb4f,2021-11-24,101432,25784,28504,44157,51001,3554,18031,7976,5951,3482,622,8714,7733,1150,434
342e81b3-b709-4f86-824e-bb6f83e825ba,2021-11-25,100941,30900,26035,44839,57611,3356,27928,12234,9347,5640,707,14240,11930,1074,684
d0c49dbe-d2e3-4ed2-83d8-3e0dc3855ab4,2021-11-26,98790,26396,24472,42106,55455,3153,20344,9188,6474,4178,504,10093,8786,970,495
cede8392-6a3b-429f-85d7-743ae60eb34b,2021-11-27,63400,6788,12088,26325,29677,2098,12514,4772,4351,3113,278,5733,6121,293,367
