-- smazání všech záznamů z tabulek
CREATE or replace FUNCTION clean_tables() RETURNS void AS $$
declare
  l_stmt text;
begin
  select 'truncate ' || string_agg(format('%I.%I', schemaname, tablename) , ',')
    into l_stmt
  from pg_tables
  where schemaname in ('public');

  execute l_stmt || ' cascade';
end;
$$ LANGUAGE plpgsql;
select clean_tables();

-- reset sekvenci
CREATE or replace FUNCTION restart_sequences() RETURNS void AS $$
DECLARE
i TEXT;
BEGIN
 FOR i IN (SELECT column_default FROM information_schema.columns WHERE column_default SIMILAR TO 'nextval%')
  LOOP
         EXECUTE 'ALTER SEQUENCE'||' ' || substring(substring(i from '''[a-z_]*')from '[a-z_]+') || ' '||' RESTART 1;';
  END LOOP;
END $$ LANGUAGE plpgsql;
select restart_sequences();


-- ADRESA --
INSERT INTO ADRESA (ID_ADRESA,PSC,MESTO,ULICE,CISLO_POPISNE) VALUES ('1','0043602207','Shīnḏanḏ','Sunnyside','73');
INSERT INTO ADRESA (ID_ADRESA,PSC,MESTO,ULICE,CISLO_POPISNE) VALUES ('2','8028012574','Vila Nova de Santo André','7th','95');
INSERT INTO ADRESA (ID_ADRESA,PSC,MESTO,ULICE,CISLO_POPISNE) VALUES ('3','6516500576','Del Monte','Clove','29157');
INSERT INTO ADRESA (ID_ADRESA,PSC,MESTO,ULICE,CISLO_POPISNE) VALUES ('4','1117224929','San José de las Lajas','Rusk','28');
INSERT INTO ADRESA (ID_ADRESA,PSC,MESTO,ULICE,CISLO_POPISNE) VALUES ('5','5896333013','Kawanishi','Ilene','477');
INSERT INTO ADRESA (ID_ADRESA,PSC,MESTO,ULICE,CISLO_POPISNE) VALUES ('6','5303976483','Spånga','Sherman','779');
INSERT INTO ADRESA (ID_ADRESA,PSC,MESTO,ULICE,CISLO_POPISNE) VALUES ('7','9430269321','Krzemienica','Golf','17218');
INSERT INTO ADRESA (ID_ADRESA,PSC,MESTO,ULICE,CISLO_POPISNE) VALUES ('8','5253348387','Divinópolis','Lerdahl','44');
INSERT INTO ADRESA (ID_ADRESA,PSC,MESTO,ULICE,CISLO_POPISNE) VALUES ('9','7804415478','Stockholm','Crest Line','5');
INSERT INTO ADRESA (ID_ADRESA,PSC,MESTO,ULICE,CISLO_POPISNE) VALUES ('10','6822837698','Årsta','Ronald Regan','80');
INSERT INTO ADRESA (ID_ADRESA,PSC,MESTO,ULICE,CISLO_POPISNE) VALUES ('11','9520128883','Íos','Sherman','2477');
INSERT INTO ADRESA (ID_ADRESA,PSC,MESTO,ULICE,CISLO_POPISNE) VALUES ('12','4898263119','Babica','Union','53');
INSERT INTO ADRESA (ID_ADRESA,PSC,MESTO,ULICE,CISLO_POPISNE) VALUES ('13','7405014844','Semikarakorsk','Eggendart','894');
INSERT INTO ADRESA (ID_ADRESA,PSC,MESTO,ULICE,CISLO_POPISNE) VALUES ('14','8046658944','Ewarton','Vermont','1');
INSERT INTO ADRESA (ID_ADRESA,PSC,MESTO,ULICE,CISLO_POPISNE) VALUES ('15','9071247481','Kochani','Rieder','8');
INSERT INTO ADRESA (ID_ADRESA,PSC,MESTO,ULICE,CISLO_POPISNE) VALUES ('16','3606215533','Kizlyar','Boyd','6');
INSERT INTO ADRESA (ID_ADRESA,PSC,MESTO,ULICE,CISLO_POPISNE) VALUES ('17','2683997647','Perechyn','Blaine','703');
INSERT INTO ADRESA (ID_ADRESA,PSC,MESTO,ULICE,CISLO_POPISNE) VALUES ('18','6710784991','Villasis','Pleasure','1252');
INSERT INTO ADRESA (ID_ADRESA,PSC,MESTO,ULICE,CISLO_POPISNE) VALUES ('19','4343206114','Kentongan','Chive','44640');
INSERT INTO ADRESA (ID_ADRESA,PSC,MESTO,ULICE,CISLO_POPISNE) VALUES ('20','9774117239','Krasnotur’insk','Washington','63002');
INSERT INTO ADRESA (ID_ADRESA,PSC,MESTO,ULICE,CISLO_POPISNE) VALUES ('21','2546118455','Tawan tawan','Gateway','707');
INSERT INTO ADRESA (ID_ADRESA,PSC,MESTO,ULICE,CISLO_POPISNE) VALUES ('22','4094905588','Taizi','Anderson','3715');
INSERT INTO ADRESA (ID_ADRESA,PSC,MESTO,ULICE,CISLO_POPISNE) VALUES ('23','7291081904','Lukićevo','Rockefeller','44');
INSERT INTO ADRESA (ID_ADRESA,PSC,MESTO,ULICE,CISLO_POPISNE) VALUES ('24','9752471838','Sere','Derek','73011');
INSERT INTO ADRESA (ID_ADRESA,PSC,MESTO,ULICE,CISLO_POPISNE) VALUES ('25','7669279478','Duraykīsh','Corscot','64');
INSERT INTO ADRESA (ID_ADRESA,PSC,MESTO,ULICE,CISLO_POPISNE) VALUES ('26','0154596604','Navatat','Linden','713');
INSERT INTO ADRESA (ID_ADRESA,PSC,MESTO,ULICE,CISLO_POPISNE) VALUES ('27','5771412872','Las Flores','Arizona','62');
INSERT INTO ADRESA (ID_ADRESA,PSC,MESTO,ULICE,CISLO_POPISNE) VALUES ('28','6904801611','Gjilan','Dennis','12');
INSERT INTO ADRESA (ID_ADRESA,PSC,MESTO,ULICE,CISLO_POPISNE) VALUES ('29','0082936269','Huangcun','Mccormick','7493');
INSERT INTO ADRESA (ID_ADRESA,PSC,MESTO,ULICE,CISLO_POPISNE) VALUES ('30','1974133931','Gœsdorf','Crest Line','29');
INSERT INTO ADRESA (ID_ADRESA,PSC,MESTO,ULICE,CISLO_POPISNE) VALUES ('31','3717121855','Sarata','Autumn Leaf','514');
INSERT INTO ADRESA (ID_ADRESA,PSC,MESTO,ULICE,CISLO_POPISNE) VALUES ('32','0985897171','Bandungsari','Debs','123');
INSERT INTO ADRESA (ID_ADRESA,PSC,MESTO,ULICE,CISLO_POPISNE) VALUES ('33','5500702823','Yatunpu','Roxbury','6877');
INSERT INTO ADRESA (ID_ADRESA,PSC,MESTO,ULICE,CISLO_POPISNE) VALUES ('34','0099854325','Kangasala','Forster','2641');
INSERT INTO ADRESA (ID_ADRESA,PSC,MESTO,ULICE,CISLO_POPISNE) VALUES ('35','6920644878','Mtwara','Northridge','8');
INSERT INTO ADRESA (ID_ADRESA,PSC,MESTO,ULICE,CISLO_POPISNE) VALUES ('36','3426484536','Campos','Jackson','3');
INSERT INTO ADRESA (ID_ADRESA,PSC,MESTO,ULICE,CISLO_POPISNE) VALUES ('37','7960996687','Tungor','Spohn','30');
INSERT INTO ADRESA (ID_ADRESA,PSC,MESTO,ULICE,CISLO_POPISNE) VALUES ('38','2637651504','San Rafael','Mallard','8');
INSERT INTO ADRESA (ID_ADRESA,PSC,MESTO,ULICE,CISLO_POPISNE) VALUES ('39','6060345409','Silveiros','Banding','11');
INSERT INTO ADRESA (ID_ADRESA,PSC,MESTO,ULICE,CISLO_POPISNE) VALUES ('40','1427601348','Irákleia','Knutson','81897');
INSERT INTO ADRESA (ID_ADRESA,PSC,MESTO,ULICE,CISLO_POPISNE) VALUES ('41','5098012597','Woha','Delaware','769');
INSERT INTO ADRESA (ID_ADRESA,PSC,MESTO,ULICE,CISLO_POPISNE) VALUES ('42','0063609649','San Rafael','Meadow Valley','4455');
INSERT INTO ADRESA (ID_ADRESA,PSC,MESTO,ULICE,CISLO_POPISNE) VALUES ('43','1652411836','Tilburg','Dayton','3');
INSERT INTO ADRESA (ID_ADRESA,PSC,MESTO,ULICE,CISLO_POPISNE) VALUES ('44','4423852381','Pasirmukti','Anderson','905');
INSERT INTO ADRESA (ID_ADRESA,PSC,MESTO,ULICE,CISLO_POPISNE) VALUES ('45','1979742944','Xiwei','Fieldstone','38');
INSERT INTO ADRESA (ID_ADRESA,PSC,MESTO,ULICE,CISLO_POPISNE) VALUES ('46','0197302971','Shumerlya','Lindbergh','7');
INSERT INTO ADRESA (ID_ADRESA,PSC,MESTO,ULICE,CISLO_POPISNE) VALUES ('47','7985731288','Kadusimbar','Gina','28135');
INSERT INTO ADRESA (ID_ADRESA,PSC,MESTO,ULICE,CISLO_POPISNE) VALUES ('48','0926017470','Gorzyczki','Meadow Vale','89288');
INSERT INTO ADRESA (ID_ADRESA,PSC,MESTO,ULICE,CISLO_POPISNE) VALUES ('49','6819410069','Sundbyberg','Twin Pines','1');
INSERT INTO ADRESA (ID_ADRESA,PSC,MESTO,ULICE,CISLO_POPISNE) VALUES ('50','8894878260','Bestöbe','Eastlawn','5542');
INSERT INTO ADRESA (ID_ADRESA,PSC,MESTO,ULICE,CISLO_POPISNE) VALUES ('51','4558350449','Hưng Nguyên','Kennedy','9');
INSERT INTO ADRESA (ID_ADRESA,PSC,MESTO,ULICE,CISLO_POPISNE) VALUES ('52','0341018880','Hetou','Fallview','5701');
INSERT INTO ADRESA (ID_ADRESA,PSC,MESTO,ULICE,CISLO_POPISNE) VALUES ('53','4559546215','Chyżne','Hallows','464');
INSERT INTO ADRESA (ID_ADRESA,PSC,MESTO,ULICE,CISLO_POPISNE) VALUES ('54','4191980181','Shaykh al Ḩadīd','Rigney','333');
INSERT INTO ADRESA (ID_ADRESA,PSC,MESTO,ULICE,CISLO_POPISNE) VALUES ('55','0469343672','Mougins','Mccormick','2');
INSERT INTO ADRESA (ID_ADRESA,PSC,MESTO,ULICE,CISLO_POPISNE) VALUES ('56','1121740227','Portariá','Arizona','25');
INSERT INTO ADRESA (ID_ADRESA,PSC,MESTO,ULICE,CISLO_POPISNE) VALUES ('57','3301508375','Demak','Carioca','83506');
INSERT INTO ADRESA (ID_ADRESA,PSC,MESTO,ULICE,CISLO_POPISNE) VALUES ('58','4771935602','Tianchi','Towne','1819');
INSERT INTO ADRESA (ID_ADRESA,PSC,MESTO,ULICE,CISLO_POPISNE) VALUES ('59','4174328358','Cipanjang','Morrow','20720');
INSERT INTO ADRESA (ID_ADRESA,PSC,MESTO,ULICE,CISLO_POPISNE) VALUES ('60','0566381915','Sísion','4th','44126');
INSERT INTO ADRESA (ID_ADRESA,PSC,MESTO,ULICE,CISLO_POPISNE) VALUES ('61','8550463051','Wencheng','Gateway','36');
INSERT INTO ADRESA (ID_ADRESA,PSC,MESTO,ULICE,CISLO_POPISNE) VALUES ('62','8787653532','Wu’erbu Baolige','Shopko','79367');
INSERT INTO ADRESA (ID_ADRESA,PSC,MESTO,ULICE,CISLO_POPISNE) VALUES ('63','6362654226','Pantian','Randy','6856');
INSERT INTO ADRESA (ID_ADRESA,PSC,MESTO,ULICE,CISLO_POPISNE) VALUES ('64','7363189714','Cabuyaro','Barnett','780');
INSERT INTO ADRESA (ID_ADRESA,PSC,MESTO,ULICE,CISLO_POPISNE) VALUES ('65','5075932657','Unquillo','Dixon','7');
INSERT INTO ADRESA (ID_ADRESA,PSC,MESTO,ULICE,CISLO_POPISNE) VALUES ('66','4547917256','Joypur Hāt','Tennessee','8');
INSERT INTO ADRESA (ID_ADRESA,PSC,MESTO,ULICE,CISLO_POPISNE) VALUES ('67','8934288876','Baopukang','Riverside','10');
INSERT INTO ADRESA (ID_ADRESA,PSC,MESTO,ULICE,CISLO_POPISNE) VALUES ('68','1257016156','Tibigan','Hudson','97161');
INSERT INTO ADRESA (ID_ADRESA,PSC,MESTO,ULICE,CISLO_POPISNE) VALUES ('69','5944363673','New Orleans','School','495');
INSERT INTO ADRESA (ID_ADRESA,PSC,MESTO,ULICE,CISLO_POPISNE) VALUES ('70','9934784858','Andramasina','Melrose','842');
INSERT INTO ADRESA (ID_ADRESA,PSC,MESTO,ULICE,CISLO_POPISNE) VALUES ('71','1970386444','Hongzhou','Michigan','658');
INSERT INTO ADRESA (ID_ADRESA,PSC,MESTO,ULICE,CISLO_POPISNE) VALUES ('72','2476241326','Kobe','Village','2389');
INSERT INTO ADRESA (ID_ADRESA,PSC,MESTO,ULICE,CISLO_POPISNE) VALUES ('73','9400235844','Faranah','Merchant','8');
INSERT INTO ADRESA (ID_ADRESA,PSC,MESTO,ULICE,CISLO_POPISNE) VALUES ('74','8469502271','Chirpan','Derek','46826');
INSERT INTO ADRESA (ID_ADRESA,PSC,MESTO,ULICE,CISLO_POPISNE) VALUES ('75','8474141850','Yumbo','Killdeer','732');
INSERT INTO ADRESA (ID_ADRESA,PSC,MESTO,ULICE,CISLO_POPISNE) VALUES ('76','6106468419','Petrovsk','Mayfield','593');
INSERT INTO ADRESA (ID_ADRESA,PSC,MESTO,ULICE,CISLO_POPISNE) VALUES ('77','8291443696','Rönninge','Dexter','722');
INSERT INTO ADRESA (ID_ADRESA,PSC,MESTO,ULICE,CISLO_POPISNE) VALUES ('78','3391146613','Hacıhüseynli','1st','21');
INSERT INTO ADRESA (ID_ADRESA,PSC,MESTO,ULICE,CISLO_POPISNE) VALUES ('79','0352553820','Nanchoc','Meadow Ridge','4');
INSERT INTO ADRESA (ID_ADRESA,PSC,MESTO,ULICE,CISLO_POPISNE) VALUES ('80','6214023244','Ina','East','30186');
select setval(pg_get_serial_sequence('adresa','id_adresa'),80); -- set sequence correctly after manual inserts

-- DISTRIBUTOR
INSERT INTO DISTRIBUTOR (ID_DISTRIBUTOR,JMENO) VALUES ('1','1C Publishing EU ');
INSERT INTO DISTRIBUTOR (ID_DISTRIBUTOR,JMENO) VALUES ('2','ABC Data');
INSERT INTO DISTRIBUTOR (ID_DISTRIBUTOR,JMENO) VALUES ('3','Playman');
INSERT INTO DISTRIBUTOR (ID_DISTRIBUTOR,JMENO) VALUES ('4','Microsoft');
INSERT INTO DISTRIBUTOR (ID_DISTRIBUTOR,JMENO) VALUES ('5','Xzone');
INSERT INTO DISTRIBUTOR (ID_DISTRIBUTOR,JMENO) VALUES ('6','Špidla Data Processing ');
INSERT INTO DISTRIBUTOR (ID_DISTRIBUTOR,JMENO) VALUES ('7','Apple');
INSERT INTO DISTRIBUTOR (ID_DISTRIBUTOR,JMENO) VALUES ('8','PlayStation');
INSERT INTO DISTRIBUTOR (ID_DISTRIBUTOR,JMENO) VALUES ('9','Amazon');
INSERT INTO DISTRIBUTOR (ID_DISTRIBUTOR,JMENO) VALUES ('10','Google');
INSERT INTO DISTRIBUTOR (ID_DISTRIBUTOR,JMENO) VALUES ('11','Battle.net');
INSERT INTO DISTRIBUTOR (ID_DISTRIBUTOR,JMENO) VALUES ('12','Beamdog');
INSERT INTO DISTRIBUTOR (ID_DISTRIBUTOR,JMENO) VALUES ('13','DotEmu');
INSERT INTO DISTRIBUTOR (ID_DISTRIBUTOR,JMENO) VALUES ('14','Epic Games Store');
INSERT INTO DISTRIBUTOR (ID_DISTRIBUTOR,JMENO) VALUES ('15','GameHouse');
INSERT INTO DISTRIBUTOR (ID_DISTRIBUTOR,JMENO) VALUES ('16','Game Jolt');
INSERT INTO DISTRIBUTOR (ID_DISTRIBUTOR,JMENO) VALUES ('17','Origin');
INSERT INTO DISTRIBUTOR (ID_DISTRIBUTOR,JMENO) VALUES ('18','Uplay');
INSERT INTO DISTRIBUTOR (ID_DISTRIBUTOR,JMENO) VALUES ('19','GOG.com');
INSERT INTO DISTRIBUTOR (ID_DISTRIBUTOR,JMENO) VALUES ('20','Steam');
select setval(pg_get_serial_sequence('distributor','id_distributor'),20); -- set sequence correctly after manual inserts

-- VYDAVATEL --
INSERT INTO VYDAVATEL (ID_VYDAVATEL,JMENO,ID_DISTRIBUTOR) VALUES ('1','2K Games',null);
INSERT INTO VYDAVATEL (ID_VYDAVATEL,JMENO,ID_DISTRIBUTOR) VALUES ('2','Alda Games','8');
INSERT INTO VYDAVATEL (ID_VYDAVATEL,JMENO,ID_DISTRIBUTOR) VALUES ('3','Bohemia Interactive Studio','7');
INSERT INTO VYDAVATEL (ID_VYDAVATEL,JMENO,ID_DISTRIBUTOR) VALUES ('4','Cenega',null);
INSERT INTO VYDAVATEL (ID_VYDAVATEL,JMENO,ID_DISTRIBUTOR) VALUES ('5','FiolaSoft Studio','2');
INSERT INTO VYDAVATEL (ID_VYDAVATEL,JMENO,ID_DISTRIBUTOR) VALUES ('6','Geewa','5');
INSERT INTO VYDAVATEL (ID_VYDAVATEL,JMENO,ID_DISTRIBUTOR) VALUES ('7','Phoenix Arts','13');
INSERT INTO VYDAVATEL (ID_VYDAVATEL,JMENO,ID_DISTRIBUTOR) VALUES ('8','Trickster Arts','13');
INSERT INTO VYDAVATEL (ID_VYDAVATEL,JMENO,ID_DISTRIBUTOR) VALUES ('9','Zima Software','1');
INSERT INTO VYDAVATEL (ID_VYDAVATEL,JMENO,ID_DISTRIBUTOR) VALUES ('10','Ubisoft',null);
INSERT INTO VYDAVATEL (ID_VYDAVATEL,JMENO,ID_DISTRIBUTOR) VALUES ('11','Tencent Games',null);
INSERT INTO VYDAVATEL (ID_VYDAVATEL,JMENO,ID_DISTRIBUTOR) VALUES ('12','Sony Interactive Entertainment',null);
INSERT INTO VYDAVATEL (ID_VYDAVATEL,JMENO,ID_DISTRIBUTOR) VALUES ('13','NetEase','15');
INSERT INTO VYDAVATEL (ID_VYDAVATEL,JMENO,ID_DISTRIBUTOR) VALUES ('14','OziSoft','20');
INSERT INTO VYDAVATEL (ID_VYDAVATEL,JMENO,ID_DISTRIBUTOR) VALUES ('15','Bethesda Softworks','3');
INSERT INTO VYDAVATEL (ID_VYDAVATEL,JMENO,ID_DISTRIBUTOR) VALUES ('16','Funcom','8');
INSERT INTO VYDAVATEL (ID_VYDAVATEL,JMENO,ID_DISTRIBUTOR) VALUES ('17','Electronic Arts',null);
INSERT INTO VYDAVATEL (ID_VYDAVATEL,JMENO,ID_DISTRIBUTOR) VALUES ('18','Nintendo',null);
INSERT INTO VYDAVATEL (ID_VYDAVATEL,JMENO,ID_DISTRIBUTOR) VALUES ('19','Bandai Namco','18');
INSERT INTO VYDAVATEL (ID_VYDAVATEL,JMENO,ID_DISTRIBUTOR) VALUES ('20','Telltale Games','17');
INSERT INTO VYDAVATEL (ID_VYDAVATEL,JMENO,ID_DISTRIBUTOR) VALUES ('21','Sega',null);
INSERT INTO VYDAVATEL (ID_VYDAVATEL,JMENO,ID_DISTRIBUTOR) VALUES ('22','Konami','1');
INSERT INTO VYDAVATEL (ID_VYDAVATEL,JMENO,ID_DISTRIBUTOR) VALUES ('23','Activision',null);
INSERT INTO VYDAVATEL (ID_VYDAVATEL,JMENO,ID_DISTRIBUTOR) VALUES ('24','Blizzard Entertainment',null);
INSERT INTO VYDAVATEL (ID_VYDAVATEL,JMENO,ID_DISTRIBUTOR) VALUES ('25','Capcom',null);
INSERT INTO VYDAVATEL (ID_VYDAVATEL,JMENO,ID_DISTRIBUTOR) VALUES ('26','CD Projekt Red','11');
INSERT INTO VYDAVATEL (ID_VYDAVATEL,JMENO,ID_DISTRIBUTOR) VALUES ('27','Virgin Play','11');
INSERT INTO VYDAVATEL (ID_VYDAVATEL,JMENO,ID_DISTRIBUTOR) VALUES ('28','THQ','5');
INSERT INTO VYDAVATEL (ID_VYDAVATEL,JMENO,ID_DISTRIBUTOR) VALUES ('29','FromSoftware','15');
INSERT INTO VYDAVATEL (ID_VYDAVATEL,JMENO,ID_DISTRIBUTOR) VALUES ('30','Maxis','7');
select setval(pg_get_serial_sequence('vydavatel','id_vydavatel'),30); -- set sequence correctly after manual inserts

-- HRA_STAV --
INSERT INTO HRA_STAV (ID_HRA_STAV,POPIS) VALUES (DEFAULT,'ve_vyvoji');
INSERT INTO HRA_STAV (ID_HRA_STAV,POPIS) VALUES (DEFAULT,'dokoncena');

-- ZANR --
INSERT INTO ZANR (ID_ZANR,NAZEV) VALUES ('1','RPG');
INSERT INTO ZANR (ID_ZANR,NAZEV) VALUES ('2','FPS');
INSERT INTO ZANR (ID_ZANR,NAZEV) VALUES ('3','Adventura');
INSERT INTO ZANR (ID_ZANR,NAZEV) VALUES ('4','Strategická');
INSERT INTO ZANR (ID_ZANR,NAZEV) VALUES ('5','Indie');
INSERT INTO ZANR (ID_ZANR,NAZEV) VALUES ('6','Puzzle');
INSERT INTO ZANR (ID_ZANR,NAZEV) VALUES ('7','Hororová');
INSERT INTO ZANR (ID_ZANR,NAZEV) VALUES ('8','Rodinná');
INSERT INTO ZANR (ID_ZANR,NAZEV) VALUES ('9','Sportovní');
INSERT INTO ZANR (ID_ZANR,NAZEV) VALUES ('10','Simulátor');
select setval(pg_get_serial_sequence('zanr','id_zanr'),10); -- set sequence correctly after manual inserts

-- HRA --
INSERT INTO HRA (ID_HRA,NAZEV,ROZPOCET,ID_VYDAVATEL,ID_HRA_STAV,ID_ZANR) VALUES ('1','Call of Duty Modern Warfare 3','52766473','16','2','1');
INSERT INTO HRA (ID_HRA,NAZEV,ROZPOCET,ID_VYDAVATEL,ID_HRA_STAV,ID_ZANR) VALUES ('2','World of Guns Gun Disassembly','8427122','25','2','1');
INSERT INTO HRA (ID_HRA,NAZEV,ROZPOCET,ID_VYDAVATEL,ID_HRA_STAV,ID_ZANR) VALUES ('3','Verdun','78850','28','2','10');
INSERT INTO HRA (ID_HRA,NAZEV,ROZPOCET,ID_VYDAVATEL,ID_HRA_STAV,ID_ZANR) VALUES ('4','Sins of a Dark Age','356935','25','2','8');
INSERT INTO HRA (ID_HRA,NAZEV,ROZPOCET,ID_VYDAVATEL,ID_HRA_STAV,ID_ZANR) VALUES ('5','ARK Survival Evolved','1664','24','2','3');
INSERT INTO HRA (ID_HRA,NAZEV,ROZPOCET,ID_VYDAVATEL,ID_HRA_STAV,ID_ZANR) VALUES ('6','Quake Live','173823','9','2','10');
INSERT INTO HRA (ID_HRA,NAZEV,ROZPOCET,ID_VYDAVATEL,ID_HRA_STAV,ID_ZANR) VALUES ('7','Batman Arkham City GOTY','57330','18','2','8');
INSERT INTO HRA (ID_HRA,NAZEV,ROZPOCET,ID_VYDAVATEL,ID_HRA_STAV,ID_ZANR) VALUES ('8','Age of Empires III Complete Collection','640354','20','2','6');
INSERT INTO HRA (ID_HRA,NAZEV,ROZPOCET,ID_VYDAVATEL,ID_HRA_STAV,ID_ZANR) VALUES ('9','Starbound','54406368','29','2','2');
INSERT INTO HRA (ID_HRA,NAZEV,ROZPOCET,ID_VYDAVATEL,ID_HRA_STAV,ID_ZANR) VALUES ('10','Medal of Honor(TM) Multiplayer','83312','21','2','9');
INSERT INTO HRA (ID_HRA,NAZEV,ROZPOCET,ID_VYDAVATEL,ID_HRA_STAV,ID_ZANR) VALUES ('11','Creativerse','96882413','30','2','9');
INSERT INTO HRA (ID_HRA,NAZEV,ROZPOCET,ID_VYDAVATEL,ID_HRA_STAV,ID_ZANR) VALUES ('12','LEGO MARVEL Super Heroes','896954','17','2','1');
INSERT INTO HRA (ID_HRA,NAZEV,ROZPOCET,ID_VYDAVATEL,ID_HRA_STAV,ID_ZANR) VALUES ('13','Half-Life 2','471443','19','2','3');
INSERT INTO HRA (ID_HRA,NAZEV,ROZPOCET,ID_VYDAVATEL,ID_HRA_STAV,ID_ZANR) VALUES ('14','Quantum Rush Online','49061','15','2','10');
INSERT INTO HRA (ID_HRA,NAZEV,ROZPOCET,ID_VYDAVATEL,ID_HRA_STAV,ID_ZANR) VALUES ('15','Cities Skylines','2566','30','2','9');
INSERT INTO HRA (ID_HRA,NAZEV,ROZPOCET,ID_VYDAVATEL,ID_HRA_STAV,ID_ZANR) VALUES ('16','State of Decay','77558','12','2','2');
INSERT INTO HRA (ID_HRA,NAZEV,ROZPOCET,ID_VYDAVATEL,ID_HRA_STAV,ID_ZANR) VALUES ('17','Deus Ex Game of the Year Edition','31339','14','2','5');
INSERT INTO HRA (ID_HRA,NAZEV,ROZPOCET,ID_VYDAVATEL,ID_HRA_STAV,ID_ZANR) VALUES ('18','The Guild II Renaissance','8772674','24','2','10');
INSERT INTO HRA (ID_HRA,NAZEV,ROZPOCET,ID_VYDAVATEL,ID_HRA_STAV,ID_ZANR) VALUES ('19','Hitman Sniper Challenge','982503','12','2','6');
INSERT INTO HRA (ID_HRA,NAZEV,ROZPOCET,ID_VYDAVATEL,ID_HRA_STAV,ID_ZANR) VALUES ('20','Sanctum 2','1784716','29','2','5');
INSERT INTO HRA (ID_HRA,NAZEV,ROZPOCET,ID_VYDAVATEL,ID_HRA_STAV,ID_ZANR) VALUES ('21','Tropico 5 - Mad World','9795086','28','2','5');
INSERT INTO HRA (ID_HRA,NAZEV,ROZPOCET,ID_VYDAVATEL,ID_HRA_STAV,ID_ZANR) VALUES ('22','Tom Clancy''s Splinter Cell','44375369','14','2','1');
INSERT INTO HRA (ID_HRA,NAZEV,ROZPOCET,ID_VYDAVATEL,ID_HRA_STAV,ID_ZANR) VALUES ('23','Spec Ops The Line','842867','7','2','10');
INSERT INTO HRA (ID_HRA,NAZEV,ROZPOCET,ID_VYDAVATEL,ID_HRA_STAV,ID_ZANR) VALUES ('24','Hegemony Gold Wars of Ancient Greece','537514','25','2','9');
INSERT INTO HRA (ID_HRA,NAZEV,ROZPOCET,ID_VYDAVATEL,ID_HRA_STAV,ID_ZANR) VALUES ('25','Brothers - A Tale of Two Sons','645947','7','2','3');
INSERT INTO HRA (ID_HRA,NAZEV,ROZPOCET,ID_VYDAVATEL,ID_HRA_STAV,ID_ZANR) VALUES ('26','Dark Souls III','9738663','9','2','10');
INSERT INTO HRA (ID_HRA,NAZEV,ROZPOCET,ID_VYDAVATEL,ID_HRA_STAV,ID_ZANR) VALUES ('27','Day One Garry''s Incident','209','11','2','3');
INSERT INTO HRA (ID_HRA,NAZEV,ROZPOCET,ID_VYDAVATEL,ID_HRA_STAV,ID_ZANR) VALUES ('28','Serious Sam 3 BFE','1','9','2','7');
INSERT INTO HRA (ID_HRA,NAZEV,ROZPOCET,ID_VYDAVATEL,ID_HRA_STAV,ID_ZANR) VALUES ('29','The Binding Of Isaac','1022459','2','2','9');
INSERT INTO HRA (ID_HRA,NAZEV,ROZPOCET,ID_VYDAVATEL,ID_HRA_STAV,ID_ZANR) VALUES ('30','Clicker Heroes','874188','12','2','9');
INSERT INTO HRA (ID_HRA,NAZEV,ROZPOCET,ID_VYDAVATEL,ID_HRA_STAV,ID_ZANR) VALUES ('31','Sniper Elite V2','49691797','26','2','7');
INSERT INTO HRA (ID_HRA,NAZEV,ROZPOCET,ID_VYDAVATEL,ID_HRA_STAV,ID_ZANR) VALUES ('32','Dust An Elysian Tail','391203','19','2','10');
INSERT INTO HRA (ID_HRA,NAZEV,ROZPOCET,ID_VYDAVATEL,ID_HRA_STAV,ID_ZANR) VALUES ('33','Half-Life 3','55503392','27','1','4');
INSERT INTO HRA (ID_HRA,NAZEV,ROZPOCET,ID_VYDAVATEL,ID_HRA_STAV,ID_ZANR) VALUES ('34','The Elder Scrolls V Skyrim','218434','24','2','3');
INSERT INTO HRA (ID_HRA,NAZEV,ROZPOCET,ID_VYDAVATEL,ID_HRA_STAV,ID_ZANR) VALUES ('35','Saints Row 2','59188588','27','2','5');
INSERT INTO HRA (ID_HRA,NAZEV,ROZPOCET,ID_VYDAVATEL,ID_HRA_STAV,ID_ZANR) VALUES ('36','Middle-earth Shadow of Mordor','458905','28','2','1');
INSERT INTO HRA (ID_HRA,NAZEV,ROZPOCET,ID_VYDAVATEL,ID_HRA_STAV,ID_ZANR) VALUES ('37','Borderlands 2','92357788','16','2','7');
INSERT INTO HRA (ID_HRA,NAZEV,ROZPOCET,ID_VYDAVATEL,ID_HRA_STAV,ID_ZANR) VALUES ('38','L.A. Noire','1728505','26','2','3');
INSERT INTO HRA (ID_HRA,NAZEV,ROZPOCET,ID_VYDAVATEL,ID_HRA_STAV,ID_ZANR) VALUES ('39','Empire Total War','71401','21','2','3');
INSERT INTO HRA (ID_HRA,NAZEV,ROZPOCET,ID_VYDAVATEL,ID_HRA_STAV,ID_ZANR) VALUES ('40','SpaceChem','8087593','19','2','2');
INSERT INTO HRA (ID_HRA,NAZEV,ROZPOCET,ID_VYDAVATEL,ID_HRA_STAV,ID_ZANR) VALUES ('41','Dwarfs F2P','60051','16','2','5');
INSERT INTO HRA (ID_HRA,NAZEV,ROZPOCET,ID_VYDAVATEL,ID_HRA_STAV,ID_ZANR) VALUES ('42','Warhammer 40','2546190','25','2','1');
INSERT INTO HRA (ID_HRA,NAZEV,ROZPOCET,ID_VYDAVATEL,ID_HRA_STAV,ID_ZANR) VALUES ('43','Alan Wake','4175485','4','2','3');
INSERT INTO HRA (ID_HRA,NAZEV,ROZPOCET,ID_VYDAVATEL,ID_HRA_STAV,ID_ZANR) VALUES ('44','Jagged Alliance - Back in Action','95531','26','2','9');
INSERT INTO HRA (ID_HRA,NAZEV,ROZPOCET,ID_VYDAVATEL,ID_HRA_STAV,ID_ZANR) VALUES ('45','Magicka Nippon','419656','9','2','7');
INSERT INTO HRA (ID_HRA,NAZEV,ROZPOCET,ID_VYDAVATEL,ID_HRA_STAV,ID_ZANR) VALUES ('46','Crysis Wars','6668','2','2','3');
INSERT INTO HRA (ID_HRA,NAZEV,ROZPOCET,ID_VYDAVATEL,ID_HRA_STAV,ID_ZANR) VALUES ('47','Counter-Strike','45519','27','2','5');
INSERT INTO HRA (ID_HRA,NAZEV,ROZPOCET,ID_VYDAVATEL,ID_HRA_STAV,ID_ZANR) VALUES ('48','Reign Of Kings','4433993','3','2','6');
INSERT INTO HRA (ID_HRA,NAZEV,ROZPOCET,ID_VYDAVATEL,ID_HRA_STAV,ID_ZANR) VALUES ('49','Burnout Paradise The Ultimate Box','23768','30','2','7');
INSERT INTO HRA (ID_HRA,NAZEV,ROZPOCET,ID_VYDAVATEL,ID_HRA_STAV,ID_ZANR) VALUES ('50','Terraria','56525853','14','2','2');
select setval(pg_get_serial_sequence('hra','id_hra'),50); -- set sequence correctly after manual inserts

-- VE_VYVOJI --
INSERT INTO VE_VYVOJI (ZACATEK_VYVOJE,TESTOVACI_FAZE,ID_HRA) VALUES (to_date('27.03.20','DD.MM.YY'),'0','33');

-- DOKONCENA --
INSERT INTO DOKONCENA (DATUM_VYDANI,NAKLADY,VYDELEK,ID_HRA) VALUES (to_date('08.04.84','DD.MM.YY'),'99685','92148','1');
INSERT INTO DOKONCENA (DATUM_VYDANI,NAKLADY,VYDELEK,ID_HRA) VALUES (to_date('08.11.13','DD.MM.YY'),'870554','464178','2');
INSERT INTO DOKONCENA (DATUM_VYDANI,NAKLADY,VYDELEK,ID_HRA) VALUES (to_date('11.03.16','DD.MM.YY'),'475278','83702386','3');
INSERT INTO DOKONCENA (DATUM_VYDANI,NAKLADY,VYDELEK,ID_HRA) VALUES (to_date('16.03.76','DD.MM.YY'),'1821','4031210','4');
INSERT INTO DOKONCENA (DATUM_VYDANI,NAKLADY,VYDELEK,ID_HRA) VALUES (to_date('27.08.15','DD.MM.YY'),'15440981','552506','5');
INSERT INTO DOKONCENA (DATUM_VYDANI,NAKLADY,VYDELEK,ID_HRA) VALUES (to_date('23.03.50','DD.MM.YY'),'67277357','2731873','6');
INSERT INTO DOKONCENA (DATUM_VYDANI,NAKLADY,VYDELEK,ID_HRA) VALUES (to_date('12.12.95','DD.MM.YY'),'93582','99414','7');
INSERT INTO DOKONCENA (DATUM_VYDANI,NAKLADY,VYDELEK,ID_HRA) VALUES (to_date('05.01.78','DD.MM.YY'),'70132209','29703419','8');
INSERT INTO DOKONCENA (DATUM_VYDANI,NAKLADY,VYDELEK,ID_HRA) VALUES (to_date('31.08.07','DD.MM.YY'),'382260','64620','9');
INSERT INTO DOKONCENA (DATUM_VYDANI,NAKLADY,VYDELEK,ID_HRA) VALUES (to_date('23.10.16','DD.MM.YY'),'75084032','7068618346','10');
INSERT INTO DOKONCENA (DATUM_VYDANI,NAKLADY,VYDELEK,ID_HRA) VALUES (to_date('08.09.53','DD.MM.YY'),'60394446','12202','11');
INSERT INTO DOKONCENA (DATUM_VYDANI,NAKLADY,VYDELEK,ID_HRA) VALUES (to_date('02.05.97','DD.MM.YY'),'2926589','12620','12');
INSERT INTO DOKONCENA (DATUM_VYDANI,NAKLADY,VYDELEK,ID_HRA) VALUES (to_date('10.11.11','DD.MM.YY'),'777135','278985562','13');
INSERT INTO DOKONCENA (DATUM_VYDANI,NAKLADY,VYDELEK,ID_HRA) VALUES (to_date('01.12.91','DD.MM.YY'),'99516718','4403656','14');
INSERT INTO DOKONCENA (DATUM_VYDANI,NAKLADY,VYDELEK,ID_HRA) VALUES (to_date('04.06.03','DD.MM.YY'),'96722','80607294','15');
INSERT INTO DOKONCENA (DATUM_VYDANI,NAKLADY,VYDELEK,ID_HRA) VALUES (to_date('23.11.66','DD.MM.YY'),'68261119','558806350','16');
INSERT INTO DOKONCENA (DATUM_VYDANI,NAKLADY,VYDELEK,ID_HRA) VALUES (to_date('03.05.19','DD.MM.YY'),'6112494','4915','17');
INSERT INTO DOKONCENA (DATUM_VYDANI,NAKLADY,VYDELEK,ID_HRA) VALUES (to_date('17.04.63','DD.MM.YY'),'65735332','76610','18');
INSERT INTO DOKONCENA (DATUM_VYDANI,NAKLADY,VYDELEK,ID_HRA) VALUES (to_date('28.07.54','DD.MM.YY'),'90','597577','19');
INSERT INTO DOKONCENA (DATUM_VYDANI,NAKLADY,VYDELEK,ID_HRA) VALUES (to_date('02.11.93','DD.MM.YY'),'40714646','3353922839','20');
INSERT INTO DOKONCENA (DATUM_VYDANI,NAKLADY,VYDELEK,ID_HRA) VALUES (to_date('27.06.84','DD.MM.YY'),'334','411453845','21');
INSERT INTO DOKONCENA (DATUM_VYDANI,NAKLADY,VYDELEK,ID_HRA) VALUES (to_date('21.09.80','DD.MM.YY'),'19699528','3455930765','22');
INSERT INTO DOKONCENA (DATUM_VYDANI,NAKLADY,VYDELEK,ID_HRA) VALUES (to_date('29.03.56','DD.MM.YY'),'90512116','13372','23');
INSERT INTO DOKONCENA (DATUM_VYDANI,NAKLADY,VYDELEK,ID_HRA) VALUES (to_date('02.07.92','DD.MM.YY'),'273956','4478747596','24');
INSERT INTO DOKONCENA (DATUM_VYDANI,NAKLADY,VYDELEK,ID_HRA) VALUES (to_date('23.08.68','DD.MM.YY'),'7574','23711','25');
INSERT INTO DOKONCENA (DATUM_VYDANI,NAKLADY,VYDELEK,ID_HRA) VALUES (to_date('07.11.79','DD.MM.YY'),'13945263','20802014','26');
INSERT INTO DOKONCENA (DATUM_VYDANI,NAKLADY,VYDELEK,ID_HRA) VALUES (to_date('29.05.78','DD.MM.YY'),'674936','9546339','27');
INSERT INTO DOKONCENA (DATUM_VYDANI,NAKLADY,VYDELEK,ID_HRA) VALUES (to_date('18.02.50','DD.MM.YY'),'8176','6599892067','28');
INSERT INTO DOKONCENA (DATUM_VYDANI,NAKLADY,VYDELEK,ID_HRA) VALUES (to_date('14.09.93','DD.MM.YY'),'20995634','381353','29');
INSERT INTO DOKONCENA (DATUM_VYDANI,NAKLADY,VYDELEK,ID_HRA) VALUES (to_date('25.07.69','DD.MM.YY'),'47206','791666','30');
INSERT INTO DOKONCENA (DATUM_VYDANI,NAKLADY,VYDELEK,ID_HRA) VALUES (to_date('28.02.15','DD.MM.YY'),'56508635','128155','31');
INSERT INTO DOKONCENA (DATUM_VYDANI,NAKLADY,VYDELEK,ID_HRA) VALUES (to_date('23.11.11','DD.MM.YY'),'19557','202315851','32');
INSERT INTO DOKONCENA (DATUM_VYDANI,NAKLADY,VYDELEK,ID_HRA) VALUES (to_date('20.02.87','DD.MM.YY'),'91411412','6745953297','34');
INSERT INTO DOKONCENA (DATUM_VYDANI,NAKLADY,VYDELEK,ID_HRA) VALUES (to_date('22.07.89','DD.MM.YY'),'27863011','3964770228','35');
INSERT INTO DOKONCENA (DATUM_VYDANI,NAKLADY,VYDELEK,ID_HRA) VALUES (to_date('29.12.06','DD.MM.YY'),'6358413','118839677','36');
INSERT INTO DOKONCENA (DATUM_VYDANI,NAKLADY,VYDELEK,ID_HRA) VALUES (to_date('04.12.64','DD.MM.YY'),'675','123944','37');
INSERT INTO DOKONCENA (DATUM_VYDANI,NAKLADY,VYDELEK,ID_HRA) VALUES (to_date('12.04.86','DD.MM.YY'),'66495929','88511784','38');
INSERT INTO DOKONCENA (DATUM_VYDANI,NAKLADY,VYDELEK,ID_HRA) VALUES (to_date('18.06.61','DD.MM.YY'),'18572072','3566','39');
INSERT INTO DOKONCENA (DATUM_VYDANI,NAKLADY,VYDELEK,ID_HRA) VALUES (to_date('20.03.60','DD.MM.YY'),'537','680955','40');
INSERT INTO DOKONCENA (DATUM_VYDANI,NAKLADY,VYDELEK,ID_HRA) VALUES (to_date('06.07.79','DD.MM.YY'),'30236','3381650','41');
INSERT INTO DOKONCENA (DATUM_VYDANI,NAKLADY,VYDELEK,ID_HRA) VALUES (to_date('01.04.55','DD.MM.YY'),'794531','413860021','42');
INSERT INTO DOKONCENA (DATUM_VYDANI,NAKLADY,VYDELEK,ID_HRA) VALUES (to_date('24.11.08','DD.MM.YY'),'9948','6461672897','43');
INSERT INTO DOKONCENA (DATUM_VYDANI,NAKLADY,VYDELEK,ID_HRA) VALUES (to_date('19.11.04','DD.MM.YY'),'482420','6669870','44');
INSERT INTO DOKONCENA (DATUM_VYDANI,NAKLADY,VYDELEK,ID_HRA) VALUES (to_date('17.09.01','DD.MM.YY'),'51459897','79609','45');
INSERT INTO DOKONCENA (DATUM_VYDANI,NAKLADY,VYDELEK,ID_HRA) VALUES (to_date('05.09.99','DD.MM.YY'),'25354','4871270','46');
INSERT INTO DOKONCENA (DATUM_VYDANI,NAKLADY,VYDELEK,ID_HRA) VALUES (to_date('05.01.87','DD.MM.YY'),'38021','210995','47');
INSERT INTO DOKONCENA (DATUM_VYDANI,NAKLADY,VYDELEK,ID_HRA) VALUES (to_date('25.10.60','DD.MM.YY'),'27756107','5633987575','48');
INSERT INTO DOKONCENA (DATUM_VYDANI,NAKLADY,VYDELEK,ID_HRA) VALUES (to_date('31.12.04','DD.MM.YY'),'77712','9227652990','49');
INSERT INTO DOKONCENA (DATUM_VYDANI,NAKLADY,VYDELEK,ID_HRA) VALUES (to_date('15.08.78','DD.MM.YY'),'63892448','55126','50');

-- OCENENI --
INSERT INTO OCENENI (ID_OCENENI,NAZEV,ROK,ID_HRA) VALUES ('1','Game of the Year','2015','5');
INSERT INTO OCENENI (ID_OCENENI,NAZEV,ROK,ID_HRA) VALUES ('2','Game of the Year','2016','10');
INSERT INTO OCENENI (ID_OCENENI,NAZEV,ROK,ID_HRA) VALUES ('3','Game of the Year','2019','17');
INSERT INTO OCENENI (ID_OCENENI,NAZEV,ROK,ID_HRA) VALUES ('4','Best Game Direction','1978','27');
INSERT INTO OCENENI (ID_OCENENI,NAZEV,ROK,ID_HRA) VALUES ('5','Best Game Direction','2001','45');
INSERT INTO OCENENI (ID_OCENENI,NAZEV,ROK,ID_HRA) VALUES ('6','Best Ongoing Game','1984','1');
INSERT INTO OCENENI (ID_OCENENI,NAZEV,ROK,ID_HRA) VALUES ('7','Best Narrative','2006','36');
INSERT INTO OCENENI (ID_OCENENI,NAZEV,ROK,ID_HRA) VALUES ('8','Best Art Direction','1992','24');
INSERT INTO OCENENI (ID_OCENENI,NAZEV,ROK,ID_HRA) VALUES ('9','Best Art Direction','1999','46');
INSERT INTO OCENENI (ID_OCENENI,NAZEV,ROK,ID_HRA) VALUES ('10','Best Art Direction','2006','36');
INSERT INTO OCENENI (ID_OCENENI,NAZEV,ROK,ID_HRA) VALUES ('11','Best Art Direction','2007','9');
INSERT INTO OCENENI (ID_OCENENI,NAZEV,ROK,ID_HRA) VALUES ('12','Best Art Direction','2019','17');
INSERT INTO OCENENI (ID_OCENENI,NAZEV,ROK,ID_HRA) VALUES ('13','Best Music','2015','5');
INSERT INTO OCENENI (ID_OCENENI,NAZEV,ROK,ID_HRA) VALUES ('14','Best Music','2015','31');
INSERT INTO OCENENI (ID_OCENENI,NAZEV,ROK,ID_HRA) VALUES ('15','Best Audio Design','1966','16');
INSERT INTO OCENENI (ID_OCENENI,NAZEV,ROK,ID_HRA) VALUES ('16','Best Performance','1984','1');
INSERT INTO OCENENI (ID_OCENENI,NAZEV,ROK,ID_HRA) VALUES ('17','Best Performance','1997','12');
INSERT INTO OCENENI (ID_OCENENI,NAZEV,ROK,ID_HRA) VALUES ('18','Best Performance','2011','32');
INSERT INTO OCENENI (ID_OCENENI,NAZEV,ROK,ID_HRA) VALUES ('19','Best Performance','2015','5');
INSERT INTO OCENENI (ID_OCENENI,NAZEV,ROK,ID_HRA) VALUES ('20','Best Performance','2016','10');
INSERT INTO OCENENI (ID_OCENENI,NAZEV,ROK,ID_HRA) VALUES ('21','Best Performance','2019','17');
INSERT INTO OCENENI (ID_OCENENI,NAZEV,ROK,ID_HRA) VALUES ('22','Best Community Support','2003','15');
INSERT INTO OCENENI (ID_OCENENI,NAZEV,ROK,ID_HRA) VALUES ('23','Best Community Support','2004','44');
INSERT INTO OCENENI (ID_OCENENI,NAZEV,ROK,ID_HRA) VALUES ('24','Best Community Support','2007','9');
INSERT INTO OCENENI (ID_OCENENI,NAZEV,ROK,ID_HRA) VALUES ('25','Best Community Support','2008','43');
select setval(pg_get_serial_sequence('oceneni','id_oceneni'),25); -- set sequence correctly after manual inserts

-- PLATFORMA_TYP --
INSERT INTO PLATFORMA_TYP (ID_PLATFORMA_TYP,NAZEV) VALUES (DEFAULT,'desktop');
INSERT INTO PLATFORMA_TYP (ID_PLATFORMA_TYP,NAZEV) VALUES (DEFAULT,'konzole');
INSERT INTO PLATFORMA_TYP (ID_PLATFORMA_TYP,NAZEV) VALUES (DEFAULT,'handheld');

-- PLATFORMA --
INSERT INTO PLATFORMA (ID_PLATFORMA,NAZEV,ID_PLATFORMA_TYP) VALUES ('1','PlayStation 5','2');
INSERT INTO PLATFORMA (ID_PLATFORMA,NAZEV,ID_PLATFORMA_TYP) VALUES ('2','PlayStation 4','2');
INSERT INTO PLATFORMA (ID_PLATFORMA,NAZEV,ID_PLATFORMA_TYP) VALUES ('3','Xbox One','2');
INSERT INTO PLATFORMA (ID_PLATFORMA,NAZEV,ID_PLATFORMA_TYP) VALUES ('4','PS Vita','3');
INSERT INTO PLATFORMA (ID_PLATFORMA,NAZEV,ID_PLATFORMA_TYP) VALUES ('5','mobil','3');
INSERT INTO PLATFORMA (ID_PLATFORMA,NAZEV,ID_PLATFORMA_TYP) VALUES ('6','PC','1');
select setval(pg_get_serial_sequence('platforma','id_platforma'),6); -- set sequence correctly after manual inserts

-- VAZBA_HRA_PLATFORMA --
INSERT INTO VAZBA_HRA_PLATFORMA (ID_HRA,ID_PLATFORMA) VALUES ('1','3');
INSERT INTO VAZBA_HRA_PLATFORMA (ID_HRA,ID_PLATFORMA) VALUES ('1','4');
INSERT INTO VAZBA_HRA_PLATFORMA (ID_HRA,ID_PLATFORMA) VALUES ('1','6');
INSERT INTO VAZBA_HRA_PLATFORMA (ID_HRA,ID_PLATFORMA) VALUES ('2','2');
INSERT INTO VAZBA_HRA_PLATFORMA (ID_HRA,ID_PLATFORMA) VALUES ('3','2');
INSERT INTO VAZBA_HRA_PLATFORMA (ID_HRA,ID_PLATFORMA) VALUES ('3','3');
INSERT INTO VAZBA_HRA_PLATFORMA (ID_HRA,ID_PLATFORMA) VALUES ('4','2');
INSERT INTO VAZBA_HRA_PLATFORMA (ID_HRA,ID_PLATFORMA) VALUES ('4','4');
INSERT INTO VAZBA_HRA_PLATFORMA (ID_HRA,ID_PLATFORMA) VALUES ('4','5');
INSERT INTO VAZBA_HRA_PLATFORMA (ID_HRA,ID_PLATFORMA) VALUES ('5','6');
INSERT INTO VAZBA_HRA_PLATFORMA (ID_HRA,ID_PLATFORMA) VALUES ('6','1');
INSERT INTO VAZBA_HRA_PLATFORMA (ID_HRA,ID_PLATFORMA) VALUES ('6','4');
INSERT INTO VAZBA_HRA_PLATFORMA (ID_HRA,ID_PLATFORMA) VALUES ('7','1');
INSERT INTO VAZBA_HRA_PLATFORMA (ID_HRA,ID_PLATFORMA) VALUES ('7','4');
INSERT INTO VAZBA_HRA_PLATFORMA (ID_HRA,ID_PLATFORMA) VALUES ('7','6');
INSERT INTO VAZBA_HRA_PLATFORMA (ID_HRA,ID_PLATFORMA) VALUES ('8','6');
INSERT INTO VAZBA_HRA_PLATFORMA (ID_HRA,ID_PLATFORMA) VALUES ('9','6');
INSERT INTO VAZBA_HRA_PLATFORMA (ID_HRA,ID_PLATFORMA) VALUES ('10','2');
INSERT INTO VAZBA_HRA_PLATFORMA (ID_HRA,ID_PLATFORMA) VALUES ('10','5');
INSERT INTO VAZBA_HRA_PLATFORMA (ID_HRA,ID_PLATFORMA) VALUES ('11','2');
INSERT INTO VAZBA_HRA_PLATFORMA (ID_HRA,ID_PLATFORMA) VALUES ('11','3');
INSERT INTO VAZBA_HRA_PLATFORMA (ID_HRA,ID_PLATFORMA) VALUES ('11','4');
INSERT INTO VAZBA_HRA_PLATFORMA (ID_HRA,ID_PLATFORMA) VALUES ('12','1');
INSERT INTO VAZBA_HRA_PLATFORMA (ID_HRA,ID_PLATFORMA) VALUES ('12','2');
INSERT INTO VAZBA_HRA_PLATFORMA (ID_HRA,ID_PLATFORMA) VALUES ('13','4');
INSERT INTO VAZBA_HRA_PLATFORMA (ID_HRA,ID_PLATFORMA) VALUES ('13','6');
INSERT INTO VAZBA_HRA_PLATFORMA (ID_HRA,ID_PLATFORMA) VALUES ('14','1');
INSERT INTO VAZBA_HRA_PLATFORMA (ID_HRA,ID_PLATFORMA) VALUES ('14','4');
INSERT INTO VAZBA_HRA_PLATFORMA (ID_HRA,ID_PLATFORMA) VALUES ('14','6');
INSERT INTO VAZBA_HRA_PLATFORMA (ID_HRA,ID_PLATFORMA) VALUES ('15','1');
INSERT INTO VAZBA_HRA_PLATFORMA (ID_HRA,ID_PLATFORMA) VALUES ('16','2');
INSERT INTO VAZBA_HRA_PLATFORMA (ID_HRA,ID_PLATFORMA) VALUES ('16','4');
INSERT INTO VAZBA_HRA_PLATFORMA (ID_HRA,ID_PLATFORMA) VALUES ('17','1');
INSERT INTO VAZBA_HRA_PLATFORMA (ID_HRA,ID_PLATFORMA) VALUES ('17','2');
INSERT INTO VAZBA_HRA_PLATFORMA (ID_HRA,ID_PLATFORMA) VALUES ('17','3');
INSERT INTO VAZBA_HRA_PLATFORMA (ID_HRA,ID_PLATFORMA) VALUES ('17','4');
INSERT INTO VAZBA_HRA_PLATFORMA (ID_HRA,ID_PLATFORMA) VALUES ('17','5');
INSERT INTO VAZBA_HRA_PLATFORMA (ID_HRA,ID_PLATFORMA) VALUES ('17','6');
INSERT INTO VAZBA_HRA_PLATFORMA (ID_HRA,ID_PLATFORMA) VALUES ('18','3');
INSERT INTO VAZBA_HRA_PLATFORMA (ID_HRA,ID_PLATFORMA) VALUES ('18','5');
INSERT INTO VAZBA_HRA_PLATFORMA (ID_HRA,ID_PLATFORMA) VALUES ('19','4');
INSERT INTO VAZBA_HRA_PLATFORMA (ID_HRA,ID_PLATFORMA) VALUES ('19','6');
INSERT INTO VAZBA_HRA_PLATFORMA (ID_HRA,ID_PLATFORMA) VALUES ('20','1');
INSERT INTO VAZBA_HRA_PLATFORMA (ID_HRA,ID_PLATFORMA) VALUES ('20','2');
INSERT INTO VAZBA_HRA_PLATFORMA (ID_HRA,ID_PLATFORMA) VALUES ('20','5');
INSERT INTO VAZBA_HRA_PLATFORMA (ID_HRA,ID_PLATFORMA) VALUES ('20','6');
INSERT INTO VAZBA_HRA_PLATFORMA (ID_HRA,ID_PLATFORMA) VALUES ('21','1');
INSERT INTO VAZBA_HRA_PLATFORMA (ID_HRA,ID_PLATFORMA) VALUES ('21','2');
INSERT INTO VAZBA_HRA_PLATFORMA (ID_HRA,ID_PLATFORMA) VALUES ('21','5');
INSERT INTO VAZBA_HRA_PLATFORMA (ID_HRA,ID_PLATFORMA) VALUES ('21','6');
INSERT INTO VAZBA_HRA_PLATFORMA (ID_HRA,ID_PLATFORMA) VALUES ('22','5');
INSERT INTO VAZBA_HRA_PLATFORMA (ID_HRA,ID_PLATFORMA) VALUES ('23','5');
INSERT INTO VAZBA_HRA_PLATFORMA (ID_HRA,ID_PLATFORMA) VALUES ('24','2');
INSERT INTO VAZBA_HRA_PLATFORMA (ID_HRA,ID_PLATFORMA) VALUES ('24','5');
INSERT INTO VAZBA_HRA_PLATFORMA (ID_HRA,ID_PLATFORMA) VALUES ('25','1');
INSERT INTO VAZBA_HRA_PLATFORMA (ID_HRA,ID_PLATFORMA) VALUES ('26','4');
INSERT INTO VAZBA_HRA_PLATFORMA (ID_HRA,ID_PLATFORMA) VALUES ('26','5');
INSERT INTO VAZBA_HRA_PLATFORMA (ID_HRA,ID_PLATFORMA) VALUES ('27','1');
INSERT INTO VAZBA_HRA_PLATFORMA (ID_HRA,ID_PLATFORMA) VALUES ('27','2');
INSERT INTO VAZBA_HRA_PLATFORMA (ID_HRA,ID_PLATFORMA) VALUES ('27','3');
INSERT INTO VAZBA_HRA_PLATFORMA (ID_HRA,ID_PLATFORMA) VALUES ('28','2');
INSERT INTO VAZBA_HRA_PLATFORMA (ID_HRA,ID_PLATFORMA) VALUES ('29','1');
INSERT INTO VAZBA_HRA_PLATFORMA (ID_HRA,ID_PLATFORMA) VALUES ('29','4');
INSERT INTO VAZBA_HRA_PLATFORMA (ID_HRA,ID_PLATFORMA) VALUES ('29','6');
INSERT INTO VAZBA_HRA_PLATFORMA (ID_HRA,ID_PLATFORMA) VALUES ('30','3');
INSERT INTO VAZBA_HRA_PLATFORMA (ID_HRA,ID_PLATFORMA) VALUES ('31','4');
INSERT INTO VAZBA_HRA_PLATFORMA (ID_HRA,ID_PLATFORMA) VALUES ('32','4');
INSERT INTO VAZBA_HRA_PLATFORMA (ID_HRA,ID_PLATFORMA) VALUES ('33','2');
INSERT INTO VAZBA_HRA_PLATFORMA (ID_HRA,ID_PLATFORMA) VALUES ('34','2');
INSERT INTO VAZBA_HRA_PLATFORMA (ID_HRA,ID_PLATFORMA) VALUES ('34','4');
INSERT INTO VAZBA_HRA_PLATFORMA (ID_HRA,ID_PLATFORMA) VALUES ('35','4');
INSERT INTO VAZBA_HRA_PLATFORMA (ID_HRA,ID_PLATFORMA) VALUES ('35','5');
INSERT INTO VAZBA_HRA_PLATFORMA (ID_HRA,ID_PLATFORMA) VALUES ('35','6');
INSERT INTO VAZBA_HRA_PLATFORMA (ID_HRA,ID_PLATFORMA) VALUES ('36','3');
INSERT INTO VAZBA_HRA_PLATFORMA (ID_HRA,ID_PLATFORMA) VALUES ('37','6');
INSERT INTO VAZBA_HRA_PLATFORMA (ID_HRA,ID_PLATFORMA) VALUES ('38','2');
INSERT INTO VAZBA_HRA_PLATFORMA (ID_HRA,ID_PLATFORMA) VALUES ('38','4');
INSERT INTO VAZBA_HRA_PLATFORMA (ID_HRA,ID_PLATFORMA) VALUES ('39','5');
INSERT INTO VAZBA_HRA_PLATFORMA (ID_HRA,ID_PLATFORMA) VALUES ('40','6');
INSERT INTO VAZBA_HRA_PLATFORMA (ID_HRA,ID_PLATFORMA) VALUES ('41','1');
INSERT INTO VAZBA_HRA_PLATFORMA (ID_HRA,ID_PLATFORMA) VALUES ('41','2');
INSERT INTO VAZBA_HRA_PLATFORMA (ID_HRA,ID_PLATFORMA) VALUES ('41','3');
INSERT INTO VAZBA_HRA_PLATFORMA (ID_HRA,ID_PLATFORMA) VALUES ('41','4');
INSERT INTO VAZBA_HRA_PLATFORMA (ID_HRA,ID_PLATFORMA) VALUES ('41','5');
INSERT INTO VAZBA_HRA_PLATFORMA (ID_HRA,ID_PLATFORMA) VALUES ('41','6');
INSERT INTO VAZBA_HRA_PLATFORMA (ID_HRA,ID_PLATFORMA) VALUES ('42','1');
INSERT INTO VAZBA_HRA_PLATFORMA (ID_HRA,ID_PLATFORMA) VALUES ('42','6');
INSERT INTO VAZBA_HRA_PLATFORMA (ID_HRA,ID_PLATFORMA) VALUES ('43','6');
INSERT INTO VAZBA_HRA_PLATFORMA (ID_HRA,ID_PLATFORMA) VALUES ('44','3');
INSERT INTO VAZBA_HRA_PLATFORMA (ID_HRA,ID_PLATFORMA) VALUES ('44','4');
INSERT INTO VAZBA_HRA_PLATFORMA (ID_HRA,ID_PLATFORMA) VALUES ('45','5');
INSERT INTO VAZBA_HRA_PLATFORMA (ID_HRA,ID_PLATFORMA) VALUES ('46','6');
INSERT INTO VAZBA_HRA_PLATFORMA (ID_HRA,ID_PLATFORMA) VALUES ('47','1');
INSERT INTO VAZBA_HRA_PLATFORMA (ID_HRA,ID_PLATFORMA) VALUES ('47','4');
INSERT INTO VAZBA_HRA_PLATFORMA (ID_HRA,ID_PLATFORMA) VALUES ('48','2');
INSERT INTO VAZBA_HRA_PLATFORMA (ID_HRA,ID_PLATFORMA) VALUES ('48','5');
INSERT INTO VAZBA_HRA_PLATFORMA (ID_HRA,ID_PLATFORMA) VALUES ('49','2');
INSERT INTO VAZBA_HRA_PLATFORMA (ID_HRA,ID_PLATFORMA) VALUES ('50','1');
INSERT INTO VAZBA_HRA_PLATFORMA (ID_HRA,ID_PLATFORMA) VALUES ('50','4');

-- VELETRH --
INSERT INTO VELETRH (ID_VELETRH,NAZEV,CENA_ZA_UCAST,ID_ADRESA) VALUES ('1','E3','300000','14');
INSERT INTO VELETRH (ID_VELETRH,NAZEV,CENA_ZA_UCAST,ID_ADRESA) VALUES ('2','Gamescom','300000','62');
INSERT INTO VELETRH (ID_VELETRH,NAZEV,CENA_ZA_UCAST,ID_ADRESA) VALUES ('3','Belgrade Future Gaming','50000','39');
INSERT INTO VELETRH (ID_VELETRH,NAZEV,CENA_ZA_UCAST,ID_ADRESA) VALUES ('4','Vienna Comix','50000','54');
INSERT INTO VELETRH (ID_VELETRH,NAZEV,CENA_ZA_UCAST,ID_ADRESA) VALUES ('5','G2E','10000','42');
INSERT INTO VELETRH (ID_VELETRH,NAZEV,CENA_ZA_UCAST,ID_ADRESA) VALUES ('6','The Gathering','25000','47');
INSERT INTO VELETRH (ID_VELETRH,NAZEV,CENA_ZA_UCAST,ID_ADRESA) VALUES ('7','Spielemesse','15000','10');
INSERT INTO VELETRH (ID_VELETRH,NAZEV,CENA_ZA_UCAST,ID_ADRESA) VALUES ('8','Sitex','15000','55');
INSERT INTO VELETRH (ID_VELETRH,NAZEV,CENA_ZA_UCAST,ID_ADRESA) VALUES ('9','DreamHack','250000','5');
INSERT INTO VELETRH (ID_VELETRH,NAZEV,CENA_ZA_UCAST,ID_ADRESA) VALUES ('10','Game Developers Session','20000','12');
INSERT INTO VELETRH (ID_VELETRH,NAZEV,CENA_ZA_UCAST,ID_ADRESA) VALUES ('11','BlizzCon','150000','44');
INSERT INTO VELETRH (ID_VELETRH,NAZEV,CENA_ZA_UCAST,ID_ADRESA) VALUES ('12','Retro Games Fair','5000','74');
INSERT INTO VELETRH (ID_VELETRH,NAZEV,CENA_ZA_UCAST,ID_ADRESA) VALUES ('13','G-Star','25000','34');
INSERT INTO VELETRH (ID_VELETRH,NAZEV,CENA_ZA_UCAST,ID_ADRESA) VALUES ('14','Vericon','10000','23');
INSERT INTO VELETRH (ID_VELETRH,NAZEV,CENA_ZA_UCAST,ID_ADRESA) VALUES ('15','Twitchcon','70000','9');
select setval(pg_get_serial_sequence('veletrh','id_veletrh'),15); -- set sequence correctly after manual inserts

-- VAZBA_HRA_VELETRH --
INSERT INTO VAZBA_HRA_VELETRH (ID_VAZBA_HRA_VELETRH,ID_HRA,ID_VELETRH,ROK_NAVSTIVENI) VALUES ('1','12','5','2018');
INSERT INTO VAZBA_HRA_VELETRH (ID_VAZBA_HRA_VELETRH,ID_HRA,ID_VELETRH,ROK_NAVSTIVENI) VALUES ('2','13','15','2011');
INSERT INTO VAZBA_HRA_VELETRH (ID_VAZBA_HRA_VELETRH,ID_HRA,ID_VELETRH,ROK_NAVSTIVENI) VALUES ('3','14','13','2020');
INSERT INTO VAZBA_HRA_VELETRH (ID_VAZBA_HRA_VELETRH,ID_HRA,ID_VELETRH,ROK_NAVSTIVENI) VALUES ('4','20','5','2018');
INSERT INTO VAZBA_HRA_VELETRH (ID_VAZBA_HRA_VELETRH,ID_HRA,ID_VELETRH,ROK_NAVSTIVENI) VALUES ('5','20','15','2018');
INSERT INTO VAZBA_HRA_VELETRH (ID_VAZBA_HRA_VELETRH,ID_HRA,ID_VELETRH,ROK_NAVSTIVENI) VALUES ('6','22','2','1999');
INSERT INTO VAZBA_HRA_VELETRH (ID_VAZBA_HRA_VELETRH,ID_HRA,ID_VELETRH,ROK_NAVSTIVENI) VALUES ('7','25','1','2000');
INSERT INTO VAZBA_HRA_VELETRH (ID_VAZBA_HRA_VELETRH,ID_HRA,ID_VELETRH,ROK_NAVSTIVENI) VALUES ('8','25','5','2010');
INSERT INTO VAZBA_HRA_VELETRH (ID_VAZBA_HRA_VELETRH,ID_HRA,ID_VELETRH,ROK_NAVSTIVENI) VALUES ('9','25','11','2010');
INSERT INTO VAZBA_HRA_VELETRH (ID_VAZBA_HRA_VELETRH,ID_HRA,ID_VELETRH,ROK_NAVSTIVENI) VALUES ('10','33','14','2020');
INSERT INTO VAZBA_HRA_VELETRH (ID_VAZBA_HRA_VELETRH,ID_HRA,ID_VELETRH,ROK_NAVSTIVENI) VALUES ('11','44','8','2002');
INSERT INTO VAZBA_HRA_VELETRH (ID_VAZBA_HRA_VELETRH,ID_HRA,ID_VELETRH,ROK_NAVSTIVENI) VALUES ('12','47','3','1995');
INSERT INTO VAZBA_HRA_VELETRH (ID_VAZBA_HRA_VELETRH,ID_HRA,ID_VELETRH,ROK_NAVSTIVENI) VALUES ('13','50','12','1977');
select setval(pg_get_serial_sequence('vazba_hra_veletrh','id_vazba_hra_veletrh'),13); -- set sequence correctly after manual inserts

-- POZICE --
INSERT INTO POZICE (ID_POZICE,NAZEV,POPIS_PRACE) VALUES ('1','scénárista','Má na starosti scénář, příběh, dialogy a další.');
INSERT INTO POZICE (ID_POZICE,NAZEV,POPIS_PRACE) VALUES ('2','programátor','Vytváří základí kámen všech her, stará se o veškerou logiku, spojuje práci ostaních do jednoho celku.');
INSERT INTO POZICE (ID_POZICE,NAZEV,POPIS_PRACE) VALUES ('3','skripter','Stará se o tvorbu skriptů, které zajišťují samostatné chování určitých částí hry.');
INSERT INTO POZICE (ID_POZICE,NAZEV,POPIS_PRACE) VALUES ('4','grafický designer','Celkové vizuální zpracování hry, od concept artů po finální 3d modely.');
INSERT INTO POZICE (ID_POZICE,NAZEV,POPIS_PRACE) VALUES ('5','level designer','Návrh levelů. Zahrnuje umístění NPC, úkolů, místností, platforem a podobně. Vizuální zpracování levelů-');
INSERT INTO POZICE (ID_POZICE,NAZEV,POPIS_PRACE) VALUES ('6','voice actor','Propůjčuje svůj hlas postavám ve hře.');
INSERT INTO POZICE (ID_POZICE,NAZEV,POPIS_PRACE) VALUES ('7','tester','Testuje hry ve vývoji, ohhaluje chyby.');
INSERT INTO POZICE (ID_POZICE,NAZEV,POPIS_PRACE) VALUES ('8','právník','Poskytuje konzultace ohledně právních záležitostí.');
INSERT INTO POZICE (ID_POZICE,NAZEV,POPIS_PRACE) VALUES ('9','podavač kafe','Poskytuje kafe ostatním zaměstnancům pro lepší výkony.');
select setval(pg_get_serial_sequence('pozice','id_pozice'),9); -- set sequence correctly after manual inserts

-- POBOCKA --
INSERT INTO POBOCKA (ID_POBOCKA,KAPACITA,ID_ADRESA) VALUES ('1','20','34');
INSERT INTO POBOCKA (ID_POBOCKA,KAPACITA,ID_ADRESA) VALUES ('2','10','80');
INSERT INTO POBOCKA (ID_POBOCKA,KAPACITA,ID_ADRESA) VALUES ('3','10','57');
INSERT INTO POBOCKA (ID_POBOCKA,KAPACITA,ID_ADRESA) VALUES ('4','15','41');
INSERT INTO POBOCKA (ID_POBOCKA,KAPACITA,ID_ADRESA) VALUES ('5','5','27');
select setval(pg_get_serial_sequence('pobocka','id_pobocka'),5); -- set sequence correctly after manual inserts

-- ZAMESTNANEC --
INSERT INTO ZAMESTNANEC (ID_ZAMESTNANEC,JMENO,PRIJMENI,RODNE_CISLO,HOMEOFFICE_POVOLENI,HOMEOFFICE,ID_ADRESA,ID_POBOCKA,ID_POZICE) VALUES ('1','Karel','Hennington','6105540157','0','0','22',null,'3');
INSERT INTO ZAMESTNANEC (ID_ZAMESTNANEC,JMENO,PRIJMENI,RODNE_CISLO,HOMEOFFICE_POVOLENI,HOMEOFFICE,ID_ADRESA,ID_POBOCKA,ID_POZICE) VALUES ('2','Devland','Offen','3898640771','0','0','78',null,'3');
INSERT INTO ZAMESTNANEC (ID_ZAMESTNANEC,JMENO,PRIJMENI,RODNE_CISLO,HOMEOFFICE_POVOLENI,HOMEOFFICE,ID_ADRESA,ID_POBOCKA,ID_POZICE) VALUES ('3','Fredra','Bilbie','2527449588','0','0','25',null,'2');
INSERT INTO ZAMESTNANEC (ID_ZAMESTNANEC,JMENO,PRIJMENI,RODNE_CISLO,HOMEOFFICE_POVOLENI,HOMEOFFICE,ID_ADRESA,ID_POBOCKA,ID_POZICE) VALUES ('4','Virginia','Kilroy','6582360024','0','0','79',null,'9');
INSERT INTO ZAMESTNANEC (ID_ZAMESTNANEC,JMENO,PRIJMENI,RODNE_CISLO,HOMEOFFICE_POVOLENI,HOMEOFFICE,ID_ADRESA,ID_POBOCKA,ID_POZICE) VALUES ('5','Nickolaus','Leggatt','3579897484','0','0','38',null,'9');
INSERT INTO ZAMESTNANEC (ID_ZAMESTNANEC,JMENO,PRIJMENI,RODNE_CISLO,HOMEOFFICE_POVOLENI,HOMEOFFICE,ID_ADRESA,ID_POBOCKA,ID_POZICE) VALUES ('6','Henriette','Dohr','2074075848','0','0','46',null,'2');
INSERT INTO ZAMESTNANEC (ID_ZAMESTNANEC,JMENO,PRIJMENI,RODNE_CISLO,HOMEOFFICE_POVOLENI,HOMEOFFICE,ID_ADRESA,ID_POBOCKA,ID_POZICE) VALUES ('7','Jammie','McGlaud','9845370439','1','1','55','3','9');
INSERT INTO ZAMESTNANEC (ID_ZAMESTNANEC,JMENO,PRIJMENI,RODNE_CISLO,HOMEOFFICE_POVOLENI,HOMEOFFICE,ID_ADRESA,ID_POBOCKA,ID_POZICE) VALUES ('8','Roderic','Casaro','8009833793','1','1','3','2','3');
INSERT INTO ZAMESTNANEC (ID_ZAMESTNANEC,JMENO,PRIJMENI,RODNE_CISLO,HOMEOFFICE_POVOLENI,HOMEOFFICE,ID_ADRESA,ID_POBOCKA,ID_POZICE) VALUES ('9','Jakie','Brizell','2385319567','1','0','78',null,'1');
INSERT INTO ZAMESTNANEC (ID_ZAMESTNANEC,JMENO,PRIJMENI,RODNE_CISLO,HOMEOFFICE_POVOLENI,HOMEOFFICE,ID_ADRESA,ID_POBOCKA,ID_POZICE) VALUES ('10','Esra','Stollenbeck','6818222377','0','0','3',null,'9');
INSERT INTO ZAMESTNANEC (ID_ZAMESTNANEC,JMENO,PRIJMENI,RODNE_CISLO,HOMEOFFICE_POVOLENI,HOMEOFFICE,ID_ADRESA,ID_POBOCKA,ID_POZICE) VALUES ('11','Corly','Ahmed','5297891249','0','0','32',null,'7');
INSERT INTO ZAMESTNANEC (ID_ZAMESTNANEC,JMENO,PRIJMENI,RODNE_CISLO,HOMEOFFICE_POVOLENI,HOMEOFFICE,ID_ADRESA,ID_POBOCKA,ID_POZICE) VALUES ('12','Lonee','Spikings','3490669536','1','1','49','1','8');
INSERT INTO ZAMESTNANEC (ID_ZAMESTNANEC,JMENO,PRIJMENI,RODNE_CISLO,HOMEOFFICE_POVOLENI,HOMEOFFICE,ID_ADRESA,ID_POBOCKA,ID_POZICE) VALUES ('13','Livvie','Warke','956290854','1','1','46','1','4');
INSERT INTO ZAMESTNANEC (ID_ZAMESTNANEC,JMENO,PRIJMENI,RODNE_CISLO,HOMEOFFICE_POVOLENI,HOMEOFFICE,ID_ADRESA,ID_POBOCKA,ID_POZICE) VALUES ('14','Florance','Fockes','4549840340','1','1','37','2','5');
INSERT INTO ZAMESTNANEC (ID_ZAMESTNANEC,JMENO,PRIJMENI,RODNE_CISLO,HOMEOFFICE_POVOLENI,HOMEOFFICE,ID_ADRESA,ID_POBOCKA,ID_POZICE) VALUES ('15','Enrico','McRitchie','7335656599','0','0','6',null,'5');
INSERT INTO ZAMESTNANEC (ID_ZAMESTNANEC,JMENO,PRIJMENI,RODNE_CISLO,HOMEOFFICE_POVOLENI,HOMEOFFICE,ID_ADRESA,ID_POBOCKA,ID_POZICE) VALUES ('16','Ernestine','Stoneham','5471439990','0','0','71',null,'9');
INSERT INTO ZAMESTNANEC (ID_ZAMESTNANEC,JMENO,PRIJMENI,RODNE_CISLO,HOMEOFFICE_POVOLENI,HOMEOFFICE,ID_ADRESA,ID_POBOCKA,ID_POZICE) VALUES ('17','Orin','Assante','9772647565','1','1','58','4','4');
INSERT INTO ZAMESTNANEC (ID_ZAMESTNANEC,JMENO,PRIJMENI,RODNE_CISLO,HOMEOFFICE_POVOLENI,HOMEOFFICE,ID_ADRESA,ID_POBOCKA,ID_POZICE) VALUES ('18','Germaine','McColl','6114607017','1','1','54','4','9');
INSERT INTO ZAMESTNANEC (ID_ZAMESTNANEC,JMENO,PRIJMENI,RODNE_CISLO,HOMEOFFICE_POVOLENI,HOMEOFFICE,ID_ADRESA,ID_POBOCKA,ID_POZICE) VALUES ('19','Bambi','Chateau','8901248632','0','0','13',null,'6');
INSERT INTO ZAMESTNANEC (ID_ZAMESTNANEC,JMENO,PRIJMENI,RODNE_CISLO,HOMEOFFICE_POVOLENI,HOMEOFFICE,ID_ADRESA,ID_POBOCKA,ID_POZICE) VALUES ('20','Ashlen','Alphege','8434054321','1','0','1',null,'9');
INSERT INTO ZAMESTNANEC (ID_ZAMESTNANEC,JMENO,PRIJMENI,RODNE_CISLO,HOMEOFFICE_POVOLENI,HOMEOFFICE,ID_ADRESA,ID_POBOCKA,ID_POZICE) VALUES ('21','Early','Parrott','3832350571','0','0','10',null,'9');
INSERT INTO ZAMESTNANEC (ID_ZAMESTNANEC,JMENO,PRIJMENI,RODNE_CISLO,HOMEOFFICE_POVOLENI,HOMEOFFICE,ID_ADRESA,ID_POBOCKA,ID_POZICE) VALUES ('22','Pryce','Fluger','8915398493','1','1','79','3','5');
INSERT INTO ZAMESTNANEC (ID_ZAMESTNANEC,JMENO,PRIJMENI,RODNE_CISLO,HOMEOFFICE_POVOLENI,HOMEOFFICE,ID_ADRESA,ID_POBOCKA,ID_POZICE) VALUES ('23','Sergio','Paylie','1760894750','0','0','65',null,'1');
INSERT INTO ZAMESTNANEC (ID_ZAMESTNANEC,JMENO,PRIJMENI,RODNE_CISLO,HOMEOFFICE_POVOLENI,HOMEOFFICE,ID_ADRESA,ID_POBOCKA,ID_POZICE) VALUES ('24','Isadore','McCloch','2855746809','1','0','13',null,'4');
INSERT INTO ZAMESTNANEC (ID_ZAMESTNANEC,JMENO,PRIJMENI,RODNE_CISLO,HOMEOFFICE_POVOLENI,HOMEOFFICE,ID_ADRESA,ID_POBOCKA,ID_POZICE) VALUES ('25','Horton','Palombi','5916738096','1','1','36','3','3');
INSERT INTO ZAMESTNANEC (ID_ZAMESTNANEC,JMENO,PRIJMENI,RODNE_CISLO,HOMEOFFICE_POVOLENI,HOMEOFFICE,ID_ADRESA,ID_POBOCKA,ID_POZICE) VALUES ('26','Cristobal','Bothen','3051853755','1','1','1','1','9');
INSERT INTO ZAMESTNANEC (ID_ZAMESTNANEC,JMENO,PRIJMENI,RODNE_CISLO,HOMEOFFICE_POVOLENI,HOMEOFFICE,ID_ADRESA,ID_POBOCKA,ID_POZICE) VALUES ('27','Natty','Dinley','3144228491','0','0','72',null,'1');
INSERT INTO ZAMESTNANEC (ID_ZAMESTNANEC,JMENO,PRIJMENI,RODNE_CISLO,HOMEOFFICE_POVOLENI,HOMEOFFICE,ID_ADRESA,ID_POBOCKA,ID_POZICE) VALUES ('28','Jess','Shanahan','2100869429','0','0','74',null,'9');
INSERT INTO ZAMESTNANEC (ID_ZAMESTNANEC,JMENO,PRIJMENI,RODNE_CISLO,HOMEOFFICE_POVOLENI,HOMEOFFICE,ID_ADRESA,ID_POBOCKA,ID_POZICE) VALUES ('29','Jorey','Comsty','8933549977','1','1','23','5','1');
INSERT INTO ZAMESTNANEC (ID_ZAMESTNANEC,JMENO,PRIJMENI,RODNE_CISLO,HOMEOFFICE_POVOLENI,HOMEOFFICE,ID_ADRESA,ID_POBOCKA,ID_POZICE) VALUES ('30','Bobbee','Rubenov','3236526083','0','0','38',null,'3');
INSERT INTO ZAMESTNANEC (ID_ZAMESTNANEC,JMENO,PRIJMENI,RODNE_CISLO,HOMEOFFICE_POVOLENI,HOMEOFFICE,ID_ADRESA,ID_POBOCKA,ID_POZICE) VALUES ('31','Nerte','Hinge','5604029902','0','0','27',null,'8');
INSERT INTO ZAMESTNANEC (ID_ZAMESTNANEC,JMENO,PRIJMENI,RODNE_CISLO,HOMEOFFICE_POVOLENI,HOMEOFFICE,ID_ADRESA,ID_POBOCKA,ID_POZICE) VALUES ('32','Chase','Edgecombe','335223041','1','0','1',null,'7');
INSERT INTO ZAMESTNANEC (ID_ZAMESTNANEC,JMENO,PRIJMENI,RODNE_CISLO,HOMEOFFICE_POVOLENI,HOMEOFFICE,ID_ADRESA,ID_POBOCKA,ID_POZICE) VALUES ('33','Violante','Cornilli','2067430449','1','1','64','4','8');
INSERT INTO ZAMESTNANEC (ID_ZAMESTNANEC,JMENO,PRIJMENI,RODNE_CISLO,HOMEOFFICE_POVOLENI,HOMEOFFICE,ID_ADRESA,ID_POBOCKA,ID_POZICE) VALUES ('34','Elsinore','Feria','1410105681','1','1','77','2','6');
INSERT INTO ZAMESTNANEC (ID_ZAMESTNANEC,JMENO,PRIJMENI,RODNE_CISLO,HOMEOFFICE_POVOLENI,HOMEOFFICE,ID_ADRESA,ID_POBOCKA,ID_POZICE) VALUES ('35','Sidney','Seawell','3465473760','0','0','25',null,'1');
INSERT INTO ZAMESTNANEC (ID_ZAMESTNANEC,JMENO,PRIJMENI,RODNE_CISLO,HOMEOFFICE_POVOLENI,HOMEOFFICE,ID_ADRESA,ID_POBOCKA,ID_POZICE) VALUES ('36','Jacinta','Brien','4642436477','0','0','31',null,'8');
INSERT INTO ZAMESTNANEC (ID_ZAMESTNANEC,JMENO,PRIJMENI,RODNE_CISLO,HOMEOFFICE_POVOLENI,HOMEOFFICE,ID_ADRESA,ID_POBOCKA,ID_POZICE) VALUES ('37','Jeffie','Breeds','141274076','1','1','80','4','9');
INSERT INTO ZAMESTNANEC (ID_ZAMESTNANEC,JMENO,PRIJMENI,RODNE_CISLO,HOMEOFFICE_POVOLENI,HOMEOFFICE,ID_ADRESA,ID_POBOCKA,ID_POZICE) VALUES ('38','Leoine','Montez','6318203429','0','0','56',null,'5');
INSERT INTO ZAMESTNANEC (ID_ZAMESTNANEC,JMENO,PRIJMENI,RODNE_CISLO,HOMEOFFICE_POVOLENI,HOMEOFFICE,ID_ADRESA,ID_POBOCKA,ID_POZICE) VALUES ('39','Isadora','Winkett','9868428710','0','0','42',null,'5');
INSERT INTO ZAMESTNANEC (ID_ZAMESTNANEC,JMENO,PRIJMENI,RODNE_CISLO,HOMEOFFICE_POVOLENI,HOMEOFFICE,ID_ADRESA,ID_POBOCKA,ID_POZICE) VALUES ('40','Kathy','Hockell','1794455542','0','0','47',null,'3');
INSERT INTO ZAMESTNANEC (ID_ZAMESTNANEC,JMENO,PRIJMENI,RODNE_CISLO,HOMEOFFICE_POVOLENI,HOMEOFFICE,ID_ADRESA,ID_POBOCKA,ID_POZICE) VALUES ('41','Sophie','Plane','4088800089','1','0','16',null,'4');
INSERT INTO ZAMESTNANEC (ID_ZAMESTNANEC,JMENO,PRIJMENI,RODNE_CISLO,HOMEOFFICE_POVOLENI,HOMEOFFICE,ID_ADRESA,ID_POBOCKA,ID_POZICE) VALUES ('42','Bette-ann','Gierth','6118341309','1','0','39',null,'9');
INSERT INTO ZAMESTNANEC (ID_ZAMESTNANEC,JMENO,PRIJMENI,RODNE_CISLO,HOMEOFFICE_POVOLENI,HOMEOFFICE,ID_ADRESA,ID_POBOCKA,ID_POZICE) VALUES ('43','Tybi','Tewes','9959489992','1','1','17','2','7');
INSERT INTO ZAMESTNANEC (ID_ZAMESTNANEC,JMENO,PRIJMENI,RODNE_CISLO,HOMEOFFICE_POVOLENI,HOMEOFFICE,ID_ADRESA,ID_POBOCKA,ID_POZICE) VALUES ('44','Lyssa','Esbrook','6853902739','1','1','27','1','1');
INSERT INTO ZAMESTNANEC (ID_ZAMESTNANEC,JMENO,PRIJMENI,RODNE_CISLO,HOMEOFFICE_POVOLENI,HOMEOFFICE,ID_ADRESA,ID_POBOCKA,ID_POZICE) VALUES ('45','Antonius','Besnard','3089976081','0','0','5',null,'5');
INSERT INTO ZAMESTNANEC (ID_ZAMESTNANEC,JMENO,PRIJMENI,RODNE_CISLO,HOMEOFFICE_POVOLENI,HOMEOFFICE,ID_ADRESA,ID_POBOCKA,ID_POZICE) VALUES ('46','Johnath','Fleetwood','5000896299','1','1','65','2','8');
INSERT INTO ZAMESTNANEC (ID_ZAMESTNANEC,JMENO,PRIJMENI,RODNE_CISLO,HOMEOFFICE_POVOLENI,HOMEOFFICE,ID_ADRESA,ID_POBOCKA,ID_POZICE) VALUES ('47','Dorthea','Whitehall','307928922','0','0','25',null,'4');
INSERT INTO ZAMESTNANEC (ID_ZAMESTNANEC,JMENO,PRIJMENI,RODNE_CISLO,HOMEOFFICE_POVOLENI,HOMEOFFICE,ID_ADRESA,ID_POBOCKA,ID_POZICE) VALUES ('48','Willie','Balch','9588374495','1','0','53',null,'8');
INSERT INTO ZAMESTNANEC (ID_ZAMESTNANEC,JMENO,PRIJMENI,RODNE_CISLO,HOMEOFFICE_POVOLENI,HOMEOFFICE,ID_ADRESA,ID_POBOCKA,ID_POZICE) VALUES ('49','Hertha','Cauldwell','8711077184','1','1','65','2','3');
INSERT INTO ZAMESTNANEC (ID_ZAMESTNANEC,JMENO,PRIJMENI,RODNE_CISLO,HOMEOFFICE_POVOLENI,HOMEOFFICE,ID_ADRESA,ID_POBOCKA,ID_POZICE) VALUES ('50','Moishe','Heinicke','8244637955','1','1','50','4','9');
INSERT INTO ZAMESTNANEC (ID_ZAMESTNANEC,JMENO,PRIJMENI,RODNE_CISLO,HOMEOFFICE_POVOLENI,HOMEOFFICE,ID_ADRESA,ID_POBOCKA,ID_POZICE) VALUES ('51','Lucho','Barks','5418044183','1','0','21',null,'2');
INSERT INTO ZAMESTNANEC (ID_ZAMESTNANEC,JMENO,PRIJMENI,RODNE_CISLO,HOMEOFFICE_POVOLENI,HOMEOFFICE,ID_ADRESA,ID_POBOCKA,ID_POZICE) VALUES ('52','Jordan','Lishmund','5230139822','1','1','6','4','6');
INSERT INTO ZAMESTNANEC (ID_ZAMESTNANEC,JMENO,PRIJMENI,RODNE_CISLO,HOMEOFFICE_POVOLENI,HOMEOFFICE,ID_ADRESA,ID_POBOCKA,ID_POZICE) VALUES ('53','Austina','Lidgertwood','7238499113','0','0','28',null,'5');
INSERT INTO ZAMESTNANEC (ID_ZAMESTNANEC,JMENO,PRIJMENI,RODNE_CISLO,HOMEOFFICE_POVOLENI,HOMEOFFICE,ID_ADRESA,ID_POBOCKA,ID_POZICE) VALUES ('54','Loretta','Dransfield','861711560','1','1','61','3','3');
INSERT INTO ZAMESTNANEC (ID_ZAMESTNANEC,JMENO,PRIJMENI,RODNE_CISLO,HOMEOFFICE_POVOLENI,HOMEOFFICE,ID_ADRESA,ID_POBOCKA,ID_POZICE) VALUES ('55','Sonni','Bailes','4687109162','0','0','78',null,'9');
INSERT INTO ZAMESTNANEC (ID_ZAMESTNANEC,JMENO,PRIJMENI,RODNE_CISLO,HOMEOFFICE_POVOLENI,HOMEOFFICE,ID_ADRESA,ID_POBOCKA,ID_POZICE) VALUES ('56','Friederike','Ortells','1822303302','1','1','9','4','4');
INSERT INTO ZAMESTNANEC (ID_ZAMESTNANEC,JMENO,PRIJMENI,RODNE_CISLO,HOMEOFFICE_POVOLENI,HOMEOFFICE,ID_ADRESA,ID_POBOCKA,ID_POZICE) VALUES ('57','Fayette','Deschelle','7457023495','1','1','39','4','8');
INSERT INTO ZAMESTNANEC (ID_ZAMESTNANEC,JMENO,PRIJMENI,RODNE_CISLO,HOMEOFFICE_POVOLENI,HOMEOFFICE,ID_ADRESA,ID_POBOCKA,ID_POZICE) VALUES ('58','Correna','Humbey','2436292281','1','1','44','4','7');
INSERT INTO ZAMESTNANEC (ID_ZAMESTNANEC,JMENO,PRIJMENI,RODNE_CISLO,HOMEOFFICE_POVOLENI,HOMEOFFICE,ID_ADRESA,ID_POBOCKA,ID_POZICE) VALUES ('59','Andee','Duckhouse','4453818707','0','0','31',null,'3');
INSERT INTO ZAMESTNANEC (ID_ZAMESTNANEC,JMENO,PRIJMENI,RODNE_CISLO,HOMEOFFICE_POVOLENI,HOMEOFFICE,ID_ADRESA,ID_POBOCKA,ID_POZICE) VALUES ('60','Brunhilde','Hinrichs','1710639542','0','0','47',null,'6');
INSERT INTO ZAMESTNANEC (ID_ZAMESTNANEC,JMENO,PRIJMENI,RODNE_CISLO,HOMEOFFICE_POVOLENI,HOMEOFFICE,ID_ADRESA,ID_POBOCKA,ID_POZICE) VALUES ('61','Ina','McKearnen','2157441490','1','1','16','1','6');
INSERT INTO ZAMESTNANEC (ID_ZAMESTNANEC,JMENO,PRIJMENI,RODNE_CISLO,HOMEOFFICE_POVOLENI,HOMEOFFICE,ID_ADRESA,ID_POBOCKA,ID_POZICE) VALUES ('62','Micheline','Mattityahou','304554157','1','1','41','3','6');
INSERT INTO ZAMESTNANEC (ID_ZAMESTNANEC,JMENO,PRIJMENI,RODNE_CISLO,HOMEOFFICE_POVOLENI,HOMEOFFICE,ID_ADRESA,ID_POBOCKA,ID_POZICE) VALUES ('63','Edythe','Burnip','6675222460','1','1','17','1','6');
INSERT INTO ZAMESTNANEC (ID_ZAMESTNANEC,JMENO,PRIJMENI,RODNE_CISLO,HOMEOFFICE_POVOLENI,HOMEOFFICE,ID_ADRESA,ID_POBOCKA,ID_POZICE) VALUES ('64','Rayshell','Simmins','2025500479','0','0','45',null,'6');
INSERT INTO ZAMESTNANEC (ID_ZAMESTNANEC,JMENO,PRIJMENI,RODNE_CISLO,HOMEOFFICE_POVOLENI,HOMEOFFICE,ID_ADRESA,ID_POBOCKA,ID_POZICE) VALUES ('65','Huntley','Woolmer','2493986054','0','0','26',null,'4');
INSERT INTO ZAMESTNANEC (ID_ZAMESTNANEC,JMENO,PRIJMENI,RODNE_CISLO,HOMEOFFICE_POVOLENI,HOMEOFFICE,ID_ADRESA,ID_POBOCKA,ID_POZICE) VALUES ('66','Aundrea','Blight','423783873','0','0','22',null,'3');
INSERT INTO ZAMESTNANEC (ID_ZAMESTNANEC,JMENO,PRIJMENI,RODNE_CISLO,HOMEOFFICE_POVOLENI,HOMEOFFICE,ID_ADRESA,ID_POBOCKA,ID_POZICE) VALUES ('67','Miguela','Warriner','4343818546','1','0','25',null,'5');
INSERT INTO ZAMESTNANEC (ID_ZAMESTNANEC,JMENO,PRIJMENI,RODNE_CISLO,HOMEOFFICE_POVOLENI,HOMEOFFICE,ID_ADRESA,ID_POBOCKA,ID_POZICE) VALUES ('68','Bethina','Backhurst','7816181200','1','1','21','4','5');
INSERT INTO ZAMESTNANEC (ID_ZAMESTNANEC,JMENO,PRIJMENI,RODNE_CISLO,HOMEOFFICE_POVOLENI,HOMEOFFICE,ID_ADRESA,ID_POBOCKA,ID_POZICE) VALUES ('69','Lorant','Trebbett','7320808146','1','1','3','4','4');
INSERT INTO ZAMESTNANEC (ID_ZAMESTNANEC,JMENO,PRIJMENI,RODNE_CISLO,HOMEOFFICE_POVOLENI,HOMEOFFICE,ID_ADRESA,ID_POBOCKA,ID_POZICE) VALUES ('70','Filide','Kempston','7456379881','0','0','66',null,'9');
INSERT INTO ZAMESTNANEC (ID_ZAMESTNANEC,JMENO,PRIJMENI,RODNE_CISLO,HOMEOFFICE_POVOLENI,HOMEOFFICE,ID_ADRESA,ID_POBOCKA,ID_POZICE) VALUES ('71','Samson','Grellier','9120219188','1','1','79','4','8');
INSERT INTO ZAMESTNANEC (ID_ZAMESTNANEC,JMENO,PRIJMENI,RODNE_CISLO,HOMEOFFICE_POVOLENI,HOMEOFFICE,ID_ADRESA,ID_POBOCKA,ID_POZICE) VALUES ('72','Israel','Duffyn','3160761133','1','1','43','3','7');
INSERT INTO ZAMESTNANEC (ID_ZAMESTNANEC,JMENO,PRIJMENI,RODNE_CISLO,HOMEOFFICE_POVOLENI,HOMEOFFICE,ID_ADRESA,ID_POBOCKA,ID_POZICE) VALUES ('73','Jessi','McPartling','8539740786','1','1','1','2','7');
INSERT INTO ZAMESTNANEC (ID_ZAMESTNANEC,JMENO,PRIJMENI,RODNE_CISLO,HOMEOFFICE_POVOLENI,HOMEOFFICE,ID_ADRESA,ID_POBOCKA,ID_POZICE) VALUES ('74','Allen','Limerick','9001905060','0','0','1',null,'3');
INSERT INTO ZAMESTNANEC (ID_ZAMESTNANEC,JMENO,PRIJMENI,RODNE_CISLO,HOMEOFFICE_POVOLENI,HOMEOFFICE,ID_ADRESA,ID_POBOCKA,ID_POZICE) VALUES ('75','Jelene','Legrave','6018358221','1','1','23','3','8');
INSERT INTO ZAMESTNANEC (ID_ZAMESTNANEC,JMENO,PRIJMENI,RODNE_CISLO,HOMEOFFICE_POVOLENI,HOMEOFFICE,ID_ADRESA,ID_POBOCKA,ID_POZICE) VALUES ('76','Ediva','Caesmans','1207777269','0','0','71',null,'6');
INSERT INTO ZAMESTNANEC (ID_ZAMESTNANEC,JMENO,PRIJMENI,RODNE_CISLO,HOMEOFFICE_POVOLENI,HOMEOFFICE,ID_ADRESA,ID_POBOCKA,ID_POZICE) VALUES ('77','Sherwin','Allflatt','2850720871','0','0','23',null,'4');
INSERT INTO ZAMESTNANEC (ID_ZAMESTNANEC,JMENO,PRIJMENI,RODNE_CISLO,HOMEOFFICE_POVOLENI,HOMEOFFICE,ID_ADRESA,ID_POBOCKA,ID_POZICE) VALUES ('78','Merci','Maltby','542517666','0','0','30',null,'4');
INSERT INTO ZAMESTNANEC (ID_ZAMESTNANEC,JMENO,PRIJMENI,RODNE_CISLO,HOMEOFFICE_POVOLENI,HOMEOFFICE,ID_ADRESA,ID_POBOCKA,ID_POZICE) VALUES ('79','Elliot','Zorer','3902101854','1','1','2','2','1');
INSERT INTO ZAMESTNANEC (ID_ZAMESTNANEC,JMENO,PRIJMENI,RODNE_CISLO,HOMEOFFICE_POVOLENI,HOMEOFFICE,ID_ADRESA,ID_POBOCKA,ID_POZICE) VALUES ('80','Haslett','Gooder','6944773295','0','0','5',null,'3');
INSERT INTO ZAMESTNANEC (ID_ZAMESTNANEC,JMENO,PRIJMENI,RODNE_CISLO,HOMEOFFICE_POVOLENI,HOMEOFFICE,ID_ADRESA,ID_POBOCKA,ID_POZICE) VALUES ('81','Kirby','Purkis','8994010235','0','0','49',null,'3');
INSERT INTO ZAMESTNANEC (ID_ZAMESTNANEC,JMENO,PRIJMENI,RODNE_CISLO,HOMEOFFICE_POVOLENI,HOMEOFFICE,ID_ADRESA,ID_POBOCKA,ID_POZICE) VALUES ('82','Galvan','Fellini','3211898479','1','1','29','5','3');
INSERT INTO ZAMESTNANEC (ID_ZAMESTNANEC,JMENO,PRIJMENI,RODNE_CISLO,HOMEOFFICE_POVOLENI,HOMEOFFICE,ID_ADRESA,ID_POBOCKA,ID_POZICE) VALUES ('83','Cchaddie','Mumford','3732782458','0','0','59',null,'7');
INSERT INTO ZAMESTNANEC (ID_ZAMESTNANEC,JMENO,PRIJMENI,RODNE_CISLO,HOMEOFFICE_POVOLENI,HOMEOFFICE,ID_ADRESA,ID_POBOCKA,ID_POZICE) VALUES ('84','Spence','Werny','1995066636','1','0','48',null,'2');
INSERT INTO ZAMESTNANEC (ID_ZAMESTNANEC,JMENO,PRIJMENI,RODNE_CISLO,HOMEOFFICE_POVOLENI,HOMEOFFICE,ID_ADRESA,ID_POBOCKA,ID_POZICE) VALUES ('85','Kinny','Swinn','6393090626','1','1','13','4','7');
INSERT INTO ZAMESTNANEC (ID_ZAMESTNANEC,JMENO,PRIJMENI,RODNE_CISLO,HOMEOFFICE_POVOLENI,HOMEOFFICE,ID_ADRESA,ID_POBOCKA,ID_POZICE) VALUES ('86','Myrtle','Hansell','1614888153','1','1','48','4','3');
INSERT INTO ZAMESTNANEC (ID_ZAMESTNANEC,JMENO,PRIJMENI,RODNE_CISLO,HOMEOFFICE_POVOLENI,HOMEOFFICE,ID_ADRESA,ID_POBOCKA,ID_POZICE) VALUES ('87','Candis','Aymeric','7843386194','0','0','76',null,'2');
INSERT INTO ZAMESTNANEC (ID_ZAMESTNANEC,JMENO,PRIJMENI,RODNE_CISLO,HOMEOFFICE_POVOLENI,HOMEOFFICE,ID_ADRESA,ID_POBOCKA,ID_POZICE) VALUES ('88','Barnie','Espadas','8704380530','1','1','52','4','8');
INSERT INTO ZAMESTNANEC (ID_ZAMESTNANEC,JMENO,PRIJMENI,RODNE_CISLO,HOMEOFFICE_POVOLENI,HOMEOFFICE,ID_ADRESA,ID_POBOCKA,ID_POZICE) VALUES ('89','Liva','Nel','7761096061','1','1','32','3','1');
INSERT INTO ZAMESTNANEC (ID_ZAMESTNANEC,JMENO,PRIJMENI,RODNE_CISLO,HOMEOFFICE_POVOLENI,HOMEOFFICE,ID_ADRESA,ID_POBOCKA,ID_POZICE) VALUES ('90','Phillipp','Rolse','9942033097','1','0','71',null,'4');
INSERT INTO ZAMESTNANEC (ID_ZAMESTNANEC,JMENO,PRIJMENI,RODNE_CISLO,HOMEOFFICE_POVOLENI,HOMEOFFICE,ID_ADRESA,ID_POBOCKA,ID_POZICE) VALUES ('91','Thane','Mollitt','7747310418','1','1','35','2','8');
INSERT INTO ZAMESTNANEC (ID_ZAMESTNANEC,JMENO,PRIJMENI,RODNE_CISLO,HOMEOFFICE_POVOLENI,HOMEOFFICE,ID_ADRESA,ID_POBOCKA,ID_POZICE) VALUES ('92','Gayler','Goldup','4961538447','0','0','29',null,'2');
INSERT INTO ZAMESTNANEC (ID_ZAMESTNANEC,JMENO,PRIJMENI,RODNE_CISLO,HOMEOFFICE_POVOLENI,HOMEOFFICE,ID_ADRESA,ID_POBOCKA,ID_POZICE) VALUES ('93','Noreen','Dymidowski','8759091436','1','1','7','5','7');
INSERT INTO ZAMESTNANEC (ID_ZAMESTNANEC,JMENO,PRIJMENI,RODNE_CISLO,HOMEOFFICE_POVOLENI,HOMEOFFICE,ID_ADRESA,ID_POBOCKA,ID_POZICE) VALUES ('94','Jocelyne','Thoma','2683207487','1','1','17','1','8');
INSERT INTO ZAMESTNANEC (ID_ZAMESTNANEC,JMENO,PRIJMENI,RODNE_CISLO,HOMEOFFICE_POVOLENI,HOMEOFFICE,ID_ADRESA,ID_POBOCKA,ID_POZICE) VALUES ('95','Carlee','Sarjeant','2452400807','0','0','62',null,'4');
INSERT INTO ZAMESTNANEC (ID_ZAMESTNANEC,JMENO,PRIJMENI,RODNE_CISLO,HOMEOFFICE_POVOLENI,HOMEOFFICE,ID_ADRESA,ID_POBOCKA,ID_POZICE) VALUES ('96','Breanne','Brookson','3306626438','1','1','21','1','5');
INSERT INTO ZAMESTNANEC (ID_ZAMESTNANEC,JMENO,PRIJMENI,RODNE_CISLO,HOMEOFFICE_POVOLENI,HOMEOFFICE,ID_ADRESA,ID_POBOCKA,ID_POZICE) VALUES ('97','Cedric','Godbolt','3607300492','1','1','2','5','1');
INSERT INTO ZAMESTNANEC (ID_ZAMESTNANEC,JMENO,PRIJMENI,RODNE_CISLO,HOMEOFFICE_POVOLENI,HOMEOFFICE,ID_ADRESA,ID_POBOCKA,ID_POZICE) VALUES ('98','Casi','Galbraeth','3421058409','0','0','16',null,'4');
INSERT INTO ZAMESTNANEC (ID_ZAMESTNANEC,JMENO,PRIJMENI,RODNE_CISLO,HOMEOFFICE_POVOLENI,HOMEOFFICE,ID_ADRESA,ID_POBOCKA,ID_POZICE) VALUES ('99','Tamera','Shiell','2565923400','1','1','28','1','2');
INSERT INTO ZAMESTNANEC (ID_ZAMESTNANEC,JMENO,PRIJMENI,RODNE_CISLO,HOMEOFFICE_POVOLENI,HOMEOFFICE,ID_ADRESA,ID_POBOCKA,ID_POZICE) VALUES ('100','Nickie','Risebrow','7034032294','0','0','57',null,'8');
select setval(pg_get_serial_sequence('zamestnanec','id_zamestnanec'),100); -- set sequence correctly after manual inserts

-- VAZBA_HRA_ZAMESTNANEC --
INSERT INTO VAZBA_HRA_ZAMESTNANEC (ID_HRA,ID_ZAMESTNANEC) VALUES ('1','94');
INSERT INTO VAZBA_HRA_ZAMESTNANEC (ID_HRA,ID_ZAMESTNANEC) VALUES ('2','8');
INSERT INTO VAZBA_HRA_ZAMESTNANEC (ID_HRA,ID_ZAMESTNANEC) VALUES ('2','11');
INSERT INTO VAZBA_HRA_ZAMESTNANEC (ID_HRA,ID_ZAMESTNANEC) VALUES ('2','22');
INSERT INTO VAZBA_HRA_ZAMESTNANEC (ID_HRA,ID_ZAMESTNANEC) VALUES ('2','94');
INSERT INTO VAZBA_HRA_ZAMESTNANEC (ID_HRA,ID_ZAMESTNANEC) VALUES ('3','15');
INSERT INTO VAZBA_HRA_ZAMESTNANEC (ID_HRA,ID_ZAMESTNANEC) VALUES ('3','31');
INSERT INTO VAZBA_HRA_ZAMESTNANEC (ID_HRA,ID_ZAMESTNANEC) VALUES ('3','36');
INSERT INTO VAZBA_HRA_ZAMESTNANEC (ID_HRA,ID_ZAMESTNANEC) VALUES ('3','71');
INSERT INTO VAZBA_HRA_ZAMESTNANEC (ID_HRA,ID_ZAMESTNANEC) VALUES ('3','95');
INSERT INTO VAZBA_HRA_ZAMESTNANEC (ID_HRA,ID_ZAMESTNANEC) VALUES ('4','11');
INSERT INTO VAZBA_HRA_ZAMESTNANEC (ID_HRA,ID_ZAMESTNANEC) VALUES ('4','12');
INSERT INTO VAZBA_HRA_ZAMESTNANEC (ID_HRA,ID_ZAMESTNANEC) VALUES ('4','18');
INSERT INTO VAZBA_HRA_ZAMESTNANEC (ID_HRA,ID_ZAMESTNANEC) VALUES ('4','28');
INSERT INTO VAZBA_HRA_ZAMESTNANEC (ID_HRA,ID_ZAMESTNANEC) VALUES ('4','34');
INSERT INTO VAZBA_HRA_ZAMESTNANEC (ID_HRA,ID_ZAMESTNANEC) VALUES ('4','83');
INSERT INTO VAZBA_HRA_ZAMESTNANEC (ID_HRA,ID_ZAMESTNANEC) VALUES ('4','86');
INSERT INTO VAZBA_HRA_ZAMESTNANEC (ID_HRA,ID_ZAMESTNANEC) VALUES ('5','4');
INSERT INTO VAZBA_HRA_ZAMESTNANEC (ID_HRA,ID_ZAMESTNANEC) VALUES ('5','6');
INSERT INTO VAZBA_HRA_ZAMESTNANEC (ID_HRA,ID_ZAMESTNANEC) VALUES ('5','9');
INSERT INTO VAZBA_HRA_ZAMESTNANEC (ID_HRA,ID_ZAMESTNANEC) VALUES ('5','27');
INSERT INTO VAZBA_HRA_ZAMESTNANEC (ID_HRA,ID_ZAMESTNANEC) VALUES ('5','38');
INSERT INTO VAZBA_HRA_ZAMESTNANEC (ID_HRA,ID_ZAMESTNANEC) VALUES ('5','69');
INSERT INTO VAZBA_HRA_ZAMESTNANEC (ID_HRA,ID_ZAMESTNANEC) VALUES ('5','94');
INSERT INTO VAZBA_HRA_ZAMESTNANEC (ID_HRA,ID_ZAMESTNANEC) VALUES ('6','5');
INSERT INTO VAZBA_HRA_ZAMESTNANEC (ID_HRA,ID_ZAMESTNANEC) VALUES ('6','20');
INSERT INTO VAZBA_HRA_ZAMESTNANEC (ID_HRA,ID_ZAMESTNANEC) VALUES ('6','59');
INSERT INTO VAZBA_HRA_ZAMESTNANEC (ID_HRA,ID_ZAMESTNANEC) VALUES ('6','69');
INSERT INTO VAZBA_HRA_ZAMESTNANEC (ID_HRA,ID_ZAMESTNANEC) VALUES ('6','83');
INSERT INTO VAZBA_HRA_ZAMESTNANEC (ID_HRA,ID_ZAMESTNANEC) VALUES ('6','84');
INSERT INTO VAZBA_HRA_ZAMESTNANEC (ID_HRA,ID_ZAMESTNANEC) VALUES ('7','21');
INSERT INTO VAZBA_HRA_ZAMESTNANEC (ID_HRA,ID_ZAMESTNANEC) VALUES ('7','30');
INSERT INTO VAZBA_HRA_ZAMESTNANEC (ID_HRA,ID_ZAMESTNANEC) VALUES ('7','31');
INSERT INTO VAZBA_HRA_ZAMESTNANEC (ID_HRA,ID_ZAMESTNANEC) VALUES ('7','40');
INSERT INTO VAZBA_HRA_ZAMESTNANEC (ID_HRA,ID_ZAMESTNANEC) VALUES ('7','49');
INSERT INTO VAZBA_HRA_ZAMESTNANEC (ID_HRA,ID_ZAMESTNANEC) VALUES ('7','61');
INSERT INTO VAZBA_HRA_ZAMESTNANEC (ID_HRA,ID_ZAMESTNANEC) VALUES ('7','83');
INSERT INTO VAZBA_HRA_ZAMESTNANEC (ID_HRA,ID_ZAMESTNANEC) VALUES ('7','92');
INSERT INTO VAZBA_HRA_ZAMESTNANEC (ID_HRA,ID_ZAMESTNANEC) VALUES ('8','16');
INSERT INTO VAZBA_HRA_ZAMESTNANEC (ID_HRA,ID_ZAMESTNANEC) VALUES ('8','36');
INSERT INTO VAZBA_HRA_ZAMESTNANEC (ID_HRA,ID_ZAMESTNANEC) VALUES ('8','46');
INSERT INTO VAZBA_HRA_ZAMESTNANEC (ID_HRA,ID_ZAMESTNANEC) VALUES ('8','58');
INSERT INTO VAZBA_HRA_ZAMESTNANEC (ID_HRA,ID_ZAMESTNANEC) VALUES ('8','66');
INSERT INTO VAZBA_HRA_ZAMESTNANEC (ID_HRA,ID_ZAMESTNANEC) VALUES ('9','23');
INSERT INTO VAZBA_HRA_ZAMESTNANEC (ID_HRA,ID_ZAMESTNANEC) VALUES ('9','71');
INSERT INTO VAZBA_HRA_ZAMESTNANEC (ID_HRA,ID_ZAMESTNANEC) VALUES ('9','99');
INSERT INTO VAZBA_HRA_ZAMESTNANEC (ID_HRA,ID_ZAMESTNANEC) VALUES ('10','2');
INSERT INTO VAZBA_HRA_ZAMESTNANEC (ID_HRA,ID_ZAMESTNANEC) VALUES ('10','46');
INSERT INTO VAZBA_HRA_ZAMESTNANEC (ID_HRA,ID_ZAMESTNANEC) VALUES ('10','55');
INSERT INTO VAZBA_HRA_ZAMESTNANEC (ID_HRA,ID_ZAMESTNANEC) VALUES ('10','93');
INSERT INTO VAZBA_HRA_ZAMESTNANEC (ID_HRA,ID_ZAMESTNANEC) VALUES ('11','47');
INSERT INTO VAZBA_HRA_ZAMESTNANEC (ID_HRA,ID_ZAMESTNANEC) VALUES ('11','82');
INSERT INTO VAZBA_HRA_ZAMESTNANEC (ID_HRA,ID_ZAMESTNANEC) VALUES ('12','16');
INSERT INTO VAZBA_HRA_ZAMESTNANEC (ID_HRA,ID_ZAMESTNANEC) VALUES ('12','34');
INSERT INTO VAZBA_HRA_ZAMESTNANEC (ID_HRA,ID_ZAMESTNANEC) VALUES ('12','52');
INSERT INTO VAZBA_HRA_ZAMESTNANEC (ID_HRA,ID_ZAMESTNANEC) VALUES ('12','81');
INSERT INTO VAZBA_HRA_ZAMESTNANEC (ID_HRA,ID_ZAMESTNANEC) VALUES ('12','90');
INSERT INTO VAZBA_HRA_ZAMESTNANEC (ID_HRA,ID_ZAMESTNANEC) VALUES ('13','6');
INSERT INTO VAZBA_HRA_ZAMESTNANEC (ID_HRA,ID_ZAMESTNANEC) VALUES ('13','33');
INSERT INTO VAZBA_HRA_ZAMESTNANEC (ID_HRA,ID_ZAMESTNANEC) VALUES ('13','63');
INSERT INTO VAZBA_HRA_ZAMESTNANEC (ID_HRA,ID_ZAMESTNANEC) VALUES ('13','100');
INSERT INTO VAZBA_HRA_ZAMESTNANEC (ID_HRA,ID_ZAMESTNANEC) VALUES ('14','30');
INSERT INTO VAZBA_HRA_ZAMESTNANEC (ID_HRA,ID_ZAMESTNANEC) VALUES ('14','55');
INSERT INTO VAZBA_HRA_ZAMESTNANEC (ID_HRA,ID_ZAMESTNANEC) VALUES ('14','61');
INSERT INTO VAZBA_HRA_ZAMESTNANEC (ID_HRA,ID_ZAMESTNANEC) VALUES ('14','74');
INSERT INTO VAZBA_HRA_ZAMESTNANEC (ID_HRA,ID_ZAMESTNANEC) VALUES ('14','84');
INSERT INTO VAZBA_HRA_ZAMESTNANEC (ID_HRA,ID_ZAMESTNANEC) VALUES ('15','42');
INSERT INTO VAZBA_HRA_ZAMESTNANEC (ID_HRA,ID_ZAMESTNANEC) VALUES ('15','43');
INSERT INTO VAZBA_HRA_ZAMESTNANEC (ID_HRA,ID_ZAMESTNANEC) VALUES ('15','63');
INSERT INTO VAZBA_HRA_ZAMESTNANEC (ID_HRA,ID_ZAMESTNANEC) VALUES ('15','73');
INSERT INTO VAZBA_HRA_ZAMESTNANEC (ID_HRA,ID_ZAMESTNANEC) VALUES ('15','76');
INSERT INTO VAZBA_HRA_ZAMESTNANEC (ID_HRA,ID_ZAMESTNANEC) VALUES ('16','20');
INSERT INTO VAZBA_HRA_ZAMESTNANEC (ID_HRA,ID_ZAMESTNANEC) VALUES ('16','27');
INSERT INTO VAZBA_HRA_ZAMESTNANEC (ID_HRA,ID_ZAMESTNANEC) VALUES ('16','61');
INSERT INTO VAZBA_HRA_ZAMESTNANEC (ID_HRA,ID_ZAMESTNANEC) VALUES ('16','76');
INSERT INTO VAZBA_HRA_ZAMESTNANEC (ID_HRA,ID_ZAMESTNANEC) VALUES ('16','93');
INSERT INTO VAZBA_HRA_ZAMESTNANEC (ID_HRA,ID_ZAMESTNANEC) VALUES ('16','97');
INSERT INTO VAZBA_HRA_ZAMESTNANEC (ID_HRA,ID_ZAMESTNANEC) VALUES ('17','3');
INSERT INTO VAZBA_HRA_ZAMESTNANEC (ID_HRA,ID_ZAMESTNANEC) VALUES ('17','30');
INSERT INTO VAZBA_HRA_ZAMESTNANEC (ID_HRA,ID_ZAMESTNANEC) VALUES ('17','47');
INSERT INTO VAZBA_HRA_ZAMESTNANEC (ID_HRA,ID_ZAMESTNANEC) VALUES ('17','52');
INSERT INTO VAZBA_HRA_ZAMESTNANEC (ID_HRA,ID_ZAMESTNANEC) VALUES ('17','82');
INSERT INTO VAZBA_HRA_ZAMESTNANEC (ID_HRA,ID_ZAMESTNANEC) VALUES ('18','4');
INSERT INTO VAZBA_HRA_ZAMESTNANEC (ID_HRA,ID_ZAMESTNANEC) VALUES ('18','9');
INSERT INTO VAZBA_HRA_ZAMESTNANEC (ID_HRA,ID_ZAMESTNANEC) VALUES ('18','21');
INSERT INTO VAZBA_HRA_ZAMESTNANEC (ID_HRA,ID_ZAMESTNANEC) VALUES ('18','30');
INSERT INTO VAZBA_HRA_ZAMESTNANEC (ID_HRA,ID_ZAMESTNANEC) VALUES ('18','67');
INSERT INTO VAZBA_HRA_ZAMESTNANEC (ID_HRA,ID_ZAMESTNANEC) VALUES ('18','72');
INSERT INTO VAZBA_HRA_ZAMESTNANEC (ID_HRA,ID_ZAMESTNANEC) VALUES ('18','91');
INSERT INTO VAZBA_HRA_ZAMESTNANEC (ID_HRA,ID_ZAMESTNANEC) VALUES ('19','5');
INSERT INTO VAZBA_HRA_ZAMESTNANEC (ID_HRA,ID_ZAMESTNANEC) VALUES ('19','51');
INSERT INTO VAZBA_HRA_ZAMESTNANEC (ID_HRA,ID_ZAMESTNANEC) VALUES ('20','34');
INSERT INTO VAZBA_HRA_ZAMESTNANEC (ID_HRA,ID_ZAMESTNANEC) VALUES ('20','37');
INSERT INTO VAZBA_HRA_ZAMESTNANEC (ID_HRA,ID_ZAMESTNANEC) VALUES ('20','39');
INSERT INTO VAZBA_HRA_ZAMESTNANEC (ID_HRA,ID_ZAMESTNANEC) VALUES ('20','74');
INSERT INTO VAZBA_HRA_ZAMESTNANEC (ID_HRA,ID_ZAMESTNANEC) VALUES ('20','92');
INSERT INTO VAZBA_HRA_ZAMESTNANEC (ID_HRA,ID_ZAMESTNANEC) VALUES ('21','12');
INSERT INTO VAZBA_HRA_ZAMESTNANEC (ID_HRA,ID_ZAMESTNANEC) VALUES ('21','26');
INSERT INTO VAZBA_HRA_ZAMESTNANEC (ID_HRA,ID_ZAMESTNANEC) VALUES ('21','41');
INSERT INTO VAZBA_HRA_ZAMESTNANEC (ID_HRA,ID_ZAMESTNANEC) VALUES ('21','51');
INSERT INTO VAZBA_HRA_ZAMESTNANEC (ID_HRA,ID_ZAMESTNANEC) VALUES ('21','67');
INSERT INTO VAZBA_HRA_ZAMESTNANEC (ID_HRA,ID_ZAMESTNANEC) VALUES ('21','79');
INSERT INTO VAZBA_HRA_ZAMESTNANEC (ID_HRA,ID_ZAMESTNANEC) VALUES ('21','83');
INSERT INTO VAZBA_HRA_ZAMESTNANEC (ID_HRA,ID_ZAMESTNANEC) VALUES ('22','3');
INSERT INTO VAZBA_HRA_ZAMESTNANEC (ID_HRA,ID_ZAMESTNANEC) VALUES ('22','11');
INSERT INTO VAZBA_HRA_ZAMESTNANEC (ID_HRA,ID_ZAMESTNANEC) VALUES ('22','18');
INSERT INTO VAZBA_HRA_ZAMESTNANEC (ID_HRA,ID_ZAMESTNANEC) VALUES ('22','44');
INSERT INTO VAZBA_HRA_ZAMESTNANEC (ID_HRA,ID_ZAMESTNANEC) VALUES ('22','48');
INSERT INTO VAZBA_HRA_ZAMESTNANEC (ID_HRA,ID_ZAMESTNANEC) VALUES ('22','50');
INSERT INTO VAZBA_HRA_ZAMESTNANEC (ID_HRA,ID_ZAMESTNANEC) VALUES ('22','51');
INSERT INTO VAZBA_HRA_ZAMESTNANEC (ID_HRA,ID_ZAMESTNANEC) VALUES ('22','55');
INSERT INTO VAZBA_HRA_ZAMESTNANEC (ID_HRA,ID_ZAMESTNANEC) VALUES ('23','2');
INSERT INTO VAZBA_HRA_ZAMESTNANEC (ID_HRA,ID_ZAMESTNANEC) VALUES ('23','8');
INSERT INTO VAZBA_HRA_ZAMESTNANEC (ID_HRA,ID_ZAMESTNANEC) VALUES ('23','11');
INSERT INTO VAZBA_HRA_ZAMESTNANEC (ID_HRA,ID_ZAMESTNANEC) VALUES ('23','28');
INSERT INTO VAZBA_HRA_ZAMESTNANEC (ID_HRA,ID_ZAMESTNANEC) VALUES ('23','69');
INSERT INTO VAZBA_HRA_ZAMESTNANEC (ID_HRA,ID_ZAMESTNANEC) VALUES ('23','72');
INSERT INTO VAZBA_HRA_ZAMESTNANEC (ID_HRA,ID_ZAMESTNANEC) VALUES ('23','88');
INSERT INTO VAZBA_HRA_ZAMESTNANEC (ID_HRA,ID_ZAMESTNANEC) VALUES ('24','31');
INSERT INTO VAZBA_HRA_ZAMESTNANEC (ID_HRA,ID_ZAMESTNANEC) VALUES ('24','55');
INSERT INTO VAZBA_HRA_ZAMESTNANEC (ID_HRA,ID_ZAMESTNANEC) VALUES ('24','83');
INSERT INTO VAZBA_HRA_ZAMESTNANEC (ID_HRA,ID_ZAMESTNANEC) VALUES ('25','9');
INSERT INTO VAZBA_HRA_ZAMESTNANEC (ID_HRA,ID_ZAMESTNANEC) VALUES ('25','14');
INSERT INTO VAZBA_HRA_ZAMESTNANEC (ID_HRA,ID_ZAMESTNANEC) VALUES ('25','22');
INSERT INTO VAZBA_HRA_ZAMESTNANEC (ID_HRA,ID_ZAMESTNANEC) VALUES ('25','27');
INSERT INTO VAZBA_HRA_ZAMESTNANEC (ID_HRA,ID_ZAMESTNANEC) VALUES ('25','38');
INSERT INTO VAZBA_HRA_ZAMESTNANEC (ID_HRA,ID_ZAMESTNANEC) VALUES ('25','39');
INSERT INTO VAZBA_HRA_ZAMESTNANEC (ID_HRA,ID_ZAMESTNANEC) VALUES ('25','44');
INSERT INTO VAZBA_HRA_ZAMESTNANEC (ID_HRA,ID_ZAMESTNANEC) VALUES ('26','9');
INSERT INTO VAZBA_HRA_ZAMESTNANEC (ID_HRA,ID_ZAMESTNANEC) VALUES ('26','41');
INSERT INTO VAZBA_HRA_ZAMESTNANEC (ID_HRA,ID_ZAMESTNANEC) VALUES ('26','51');
INSERT INTO VAZBA_HRA_ZAMESTNANEC (ID_HRA,ID_ZAMESTNANEC) VALUES ('26','61');
INSERT INTO VAZBA_HRA_ZAMESTNANEC (ID_HRA,ID_ZAMESTNANEC) VALUES ('26','71');
INSERT INTO VAZBA_HRA_ZAMESTNANEC (ID_HRA,ID_ZAMESTNANEC) VALUES ('26','87');
INSERT INTO VAZBA_HRA_ZAMESTNANEC (ID_HRA,ID_ZAMESTNANEC) VALUES ('26','96');
INSERT INTO VAZBA_HRA_ZAMESTNANEC (ID_HRA,ID_ZAMESTNANEC) VALUES ('27','58');
INSERT INTO VAZBA_HRA_ZAMESTNANEC (ID_HRA,ID_ZAMESTNANEC) VALUES ('27','68');
INSERT INTO VAZBA_HRA_ZAMESTNANEC (ID_HRA,ID_ZAMESTNANEC) VALUES ('28','25');
INSERT INTO VAZBA_HRA_ZAMESTNANEC (ID_HRA,ID_ZAMESTNANEC) VALUES ('28','30');
INSERT INTO VAZBA_HRA_ZAMESTNANEC (ID_HRA,ID_ZAMESTNANEC) VALUES ('28','41');
INSERT INTO VAZBA_HRA_ZAMESTNANEC (ID_HRA,ID_ZAMESTNANEC) VALUES ('28','46');
INSERT INTO VAZBA_HRA_ZAMESTNANEC (ID_HRA,ID_ZAMESTNANEC) VALUES ('28','50');
INSERT INTO VAZBA_HRA_ZAMESTNANEC (ID_HRA,ID_ZAMESTNANEC) VALUES ('28','55');
INSERT INTO VAZBA_HRA_ZAMESTNANEC (ID_HRA,ID_ZAMESTNANEC) VALUES ('28','74');
INSERT INTO VAZBA_HRA_ZAMESTNANEC (ID_HRA,ID_ZAMESTNANEC) VALUES ('28','92');
INSERT INTO VAZBA_HRA_ZAMESTNANEC (ID_HRA,ID_ZAMESTNANEC) VALUES ('29','33');
INSERT INTO VAZBA_HRA_ZAMESTNANEC (ID_HRA,ID_ZAMESTNANEC) VALUES ('29','61');
INSERT INTO VAZBA_HRA_ZAMESTNANEC (ID_HRA,ID_ZAMESTNANEC) VALUES ('29','76');
INSERT INTO VAZBA_HRA_ZAMESTNANEC (ID_HRA,ID_ZAMESTNANEC) VALUES ('29','96');
INSERT INTO VAZBA_HRA_ZAMESTNANEC (ID_HRA,ID_ZAMESTNANEC) VALUES ('30','40');
INSERT INTO VAZBA_HRA_ZAMESTNANEC (ID_HRA,ID_ZAMESTNANEC) VALUES ('30','54');
INSERT INTO VAZBA_HRA_ZAMESTNANEC (ID_HRA,ID_ZAMESTNANEC) VALUES ('30','62');
INSERT INTO VAZBA_HRA_ZAMESTNANEC (ID_HRA,ID_ZAMESTNANEC) VALUES ('30','83');
INSERT INTO VAZBA_HRA_ZAMESTNANEC (ID_HRA,ID_ZAMESTNANEC) VALUES ('31','25');
INSERT INTO VAZBA_HRA_ZAMESTNANEC (ID_HRA,ID_ZAMESTNANEC) VALUES ('31','32');
INSERT INTO VAZBA_HRA_ZAMESTNANEC (ID_HRA,ID_ZAMESTNANEC) VALUES ('31','64');
INSERT INTO VAZBA_HRA_ZAMESTNANEC (ID_HRA,ID_ZAMESTNANEC) VALUES ('31','72');
INSERT INTO VAZBA_HRA_ZAMESTNANEC (ID_HRA,ID_ZAMESTNANEC) VALUES ('31','83');
INSERT INTO VAZBA_HRA_ZAMESTNANEC (ID_HRA,ID_ZAMESTNANEC) VALUES ('31','92');
INSERT INTO VAZBA_HRA_ZAMESTNANEC (ID_HRA,ID_ZAMESTNANEC) VALUES ('31','99');
INSERT INTO VAZBA_HRA_ZAMESTNANEC (ID_HRA,ID_ZAMESTNANEC) VALUES ('32','11');
INSERT INTO VAZBA_HRA_ZAMESTNANEC (ID_HRA,ID_ZAMESTNANEC) VALUES ('32','36');
INSERT INTO VAZBA_HRA_ZAMESTNANEC (ID_HRA,ID_ZAMESTNANEC) VALUES ('32','60');
INSERT INTO VAZBA_HRA_ZAMESTNANEC (ID_HRA,ID_ZAMESTNANEC) VALUES ('32','83');
INSERT INTO VAZBA_HRA_ZAMESTNANEC (ID_HRA,ID_ZAMESTNANEC) VALUES ('32','89');
INSERT INTO VAZBA_HRA_ZAMESTNANEC (ID_HRA,ID_ZAMESTNANEC) VALUES ('32','92');
INSERT INTO VAZBA_HRA_ZAMESTNANEC (ID_HRA,ID_ZAMESTNANEC) VALUES ('33','62');
INSERT INTO VAZBA_HRA_ZAMESTNANEC (ID_HRA,ID_ZAMESTNANEC) VALUES ('34','22');
INSERT INTO VAZBA_HRA_ZAMESTNANEC (ID_HRA,ID_ZAMESTNANEC) VALUES ('34','43');
INSERT INTO VAZBA_HRA_ZAMESTNANEC (ID_HRA,ID_ZAMESTNANEC) VALUES ('34','94');
INSERT INTO VAZBA_HRA_ZAMESTNANEC (ID_HRA,ID_ZAMESTNANEC) VALUES ('35','7');
INSERT INTO VAZBA_HRA_ZAMESTNANEC (ID_HRA,ID_ZAMESTNANEC) VALUES ('35','65');
INSERT INTO VAZBA_HRA_ZAMESTNANEC (ID_HRA,ID_ZAMESTNANEC) VALUES ('35','79');
INSERT INTO VAZBA_HRA_ZAMESTNANEC (ID_HRA,ID_ZAMESTNANEC) VALUES ('35','84');
INSERT INTO VAZBA_HRA_ZAMESTNANEC (ID_HRA,ID_ZAMESTNANEC) VALUES ('36','6');
INSERT INTO VAZBA_HRA_ZAMESTNANEC (ID_HRA,ID_ZAMESTNANEC) VALUES ('36','18');
INSERT INTO VAZBA_HRA_ZAMESTNANEC (ID_HRA,ID_ZAMESTNANEC) VALUES ('36','26');
INSERT INTO VAZBA_HRA_ZAMESTNANEC (ID_HRA,ID_ZAMESTNANEC) VALUES ('36','47');
INSERT INTO VAZBA_HRA_ZAMESTNANEC (ID_HRA,ID_ZAMESTNANEC) VALUES ('36','53');
INSERT INTO VAZBA_HRA_ZAMESTNANEC (ID_HRA,ID_ZAMESTNANEC) VALUES ('36','75');
INSERT INTO VAZBA_HRA_ZAMESTNANEC (ID_HRA,ID_ZAMESTNANEC) VALUES ('36','77');
INSERT INTO VAZBA_HRA_ZAMESTNANEC (ID_HRA,ID_ZAMESTNANEC) VALUES ('36','88');
INSERT INTO VAZBA_HRA_ZAMESTNANEC (ID_HRA,ID_ZAMESTNANEC) VALUES ('37','31');
INSERT INTO VAZBA_HRA_ZAMESTNANEC (ID_HRA,ID_ZAMESTNANEC) VALUES ('37','59');
INSERT INTO VAZBA_HRA_ZAMESTNANEC (ID_HRA,ID_ZAMESTNANEC) VALUES ('37','94');
INSERT INTO VAZBA_HRA_ZAMESTNANEC (ID_HRA,ID_ZAMESTNANEC) VALUES ('37','100');
INSERT INTO VAZBA_HRA_ZAMESTNANEC (ID_HRA,ID_ZAMESTNANEC) VALUES ('38','47');
INSERT INTO VAZBA_HRA_ZAMESTNANEC (ID_HRA,ID_ZAMESTNANEC) VALUES ('38','51');
INSERT INTO VAZBA_HRA_ZAMESTNANEC (ID_HRA,ID_ZAMESTNANEC) VALUES ('38','66');
INSERT INTO VAZBA_HRA_ZAMESTNANEC (ID_HRA,ID_ZAMESTNANEC) VALUES ('38','92');
INSERT INTO VAZBA_HRA_ZAMESTNANEC (ID_HRA,ID_ZAMESTNANEC) VALUES ('39','15');
INSERT INTO VAZBA_HRA_ZAMESTNANEC (ID_HRA,ID_ZAMESTNANEC) VALUES ('39','37');
INSERT INTO VAZBA_HRA_ZAMESTNANEC (ID_HRA,ID_ZAMESTNANEC) VALUES ('39','46');
INSERT INTO VAZBA_HRA_ZAMESTNANEC (ID_HRA,ID_ZAMESTNANEC) VALUES ('39','55');
INSERT INTO VAZBA_HRA_ZAMESTNANEC (ID_HRA,ID_ZAMESTNANEC) VALUES ('39','77');
INSERT INTO VAZBA_HRA_ZAMESTNANEC (ID_HRA,ID_ZAMESTNANEC) VALUES ('39','94');
INSERT INTO VAZBA_HRA_ZAMESTNANEC (ID_HRA,ID_ZAMESTNANEC) VALUES ('40','8');
INSERT INTO VAZBA_HRA_ZAMESTNANEC (ID_HRA,ID_ZAMESTNANEC) VALUES ('40','28');
INSERT INTO VAZBA_HRA_ZAMESTNANEC (ID_HRA,ID_ZAMESTNANEC) VALUES ('41','19');
INSERT INTO VAZBA_HRA_ZAMESTNANEC (ID_HRA,ID_ZAMESTNANEC) VALUES ('41','20');
INSERT INTO VAZBA_HRA_ZAMESTNANEC (ID_HRA,ID_ZAMESTNANEC) VALUES ('41','26');
INSERT INTO VAZBA_HRA_ZAMESTNANEC (ID_HRA,ID_ZAMESTNANEC) VALUES ('41','56');
INSERT INTO VAZBA_HRA_ZAMESTNANEC (ID_HRA,ID_ZAMESTNANEC) VALUES ('41','60');
INSERT INTO VAZBA_HRA_ZAMESTNANEC (ID_HRA,ID_ZAMESTNANEC) VALUES ('42','14');
INSERT INTO VAZBA_HRA_ZAMESTNANEC (ID_HRA,ID_ZAMESTNANEC) VALUES ('42','50');
INSERT INTO VAZBA_HRA_ZAMESTNANEC (ID_HRA,ID_ZAMESTNANEC) VALUES ('42','60');
INSERT INTO VAZBA_HRA_ZAMESTNANEC (ID_HRA,ID_ZAMESTNANEC) VALUES ('42','73');
INSERT INTO VAZBA_HRA_ZAMESTNANEC (ID_HRA,ID_ZAMESTNANEC) VALUES ('43','7');
INSERT INTO VAZBA_HRA_ZAMESTNANEC (ID_HRA,ID_ZAMESTNANEC) VALUES ('43','21');
INSERT INTO VAZBA_HRA_ZAMESTNANEC (ID_HRA,ID_ZAMESTNANEC) VALUES ('43','70');
INSERT INTO VAZBA_HRA_ZAMESTNANEC (ID_HRA,ID_ZAMESTNANEC) VALUES ('43','74');
INSERT INTO VAZBA_HRA_ZAMESTNANEC (ID_HRA,ID_ZAMESTNANEC) VALUES ('44','6');
INSERT INTO VAZBA_HRA_ZAMESTNANEC (ID_HRA,ID_ZAMESTNANEC) VALUES ('44','9');
INSERT INTO VAZBA_HRA_ZAMESTNANEC (ID_HRA,ID_ZAMESTNANEC) VALUES ('44','33');
INSERT INTO VAZBA_HRA_ZAMESTNANEC (ID_HRA,ID_ZAMESTNANEC) VALUES ('44','76');
INSERT INTO VAZBA_HRA_ZAMESTNANEC (ID_HRA,ID_ZAMESTNANEC) VALUES ('44','88');
INSERT INTO VAZBA_HRA_ZAMESTNANEC (ID_HRA,ID_ZAMESTNANEC) VALUES ('45','23');
INSERT INTO VAZBA_HRA_ZAMESTNANEC (ID_HRA,ID_ZAMESTNANEC) VALUES ('45','30');
INSERT INTO VAZBA_HRA_ZAMESTNANEC (ID_HRA,ID_ZAMESTNANEC) VALUES ('45','50');
INSERT INTO VAZBA_HRA_ZAMESTNANEC (ID_HRA,ID_ZAMESTNANEC) VALUES ('45','69');
INSERT INTO VAZBA_HRA_ZAMESTNANEC (ID_HRA,ID_ZAMESTNANEC) VALUES ('45','74');
INSERT INTO VAZBA_HRA_ZAMESTNANEC (ID_HRA,ID_ZAMESTNANEC) VALUES ('45','94');
INSERT INTO VAZBA_HRA_ZAMESTNANEC (ID_HRA,ID_ZAMESTNANEC) VALUES ('45','98');
INSERT INTO VAZBA_HRA_ZAMESTNANEC (ID_HRA,ID_ZAMESTNANEC) VALUES ('46','31');
INSERT INTO VAZBA_HRA_ZAMESTNANEC (ID_HRA,ID_ZAMESTNANEC) VALUES ('46','68');
INSERT INTO VAZBA_HRA_ZAMESTNANEC (ID_HRA,ID_ZAMESTNANEC) VALUES ('47','14');
INSERT INTO VAZBA_HRA_ZAMESTNANEC (ID_HRA,ID_ZAMESTNANEC) VALUES ('47','85');
INSERT INTO VAZBA_HRA_ZAMESTNANEC (ID_HRA,ID_ZAMESTNANEC) VALUES ('47','95');
INSERT INTO VAZBA_HRA_ZAMESTNANEC (ID_HRA,ID_ZAMESTNANEC) VALUES ('47','96');
INSERT INTO VAZBA_HRA_ZAMESTNANEC (ID_HRA,ID_ZAMESTNANEC) VALUES ('48','44');
INSERT INTO VAZBA_HRA_ZAMESTNANEC (ID_HRA,ID_ZAMESTNANEC) VALUES ('48','65');
INSERT INTO VAZBA_HRA_ZAMESTNANEC (ID_HRA,ID_ZAMESTNANEC) VALUES ('49','27');
INSERT INTO VAZBA_HRA_ZAMESTNANEC (ID_HRA,ID_ZAMESTNANEC) VALUES ('49','36');
INSERT INTO VAZBA_HRA_ZAMESTNANEC (ID_HRA,ID_ZAMESTNANEC) VALUES ('49','39');
INSERT INTO VAZBA_HRA_ZAMESTNANEC (ID_HRA,ID_ZAMESTNANEC) VALUES ('49','50');
INSERT INTO VAZBA_HRA_ZAMESTNANEC (ID_HRA,ID_ZAMESTNANEC) VALUES ('49','69');
INSERT INTO VAZBA_HRA_ZAMESTNANEC (ID_HRA,ID_ZAMESTNANEC) VALUES ('49','76');
INSERT INTO VAZBA_HRA_ZAMESTNANEC (ID_HRA,ID_ZAMESTNANEC) VALUES ('50','1');
INSERT INTO VAZBA_HRA_ZAMESTNANEC (ID_HRA,ID_ZAMESTNANEC) VALUES ('50','25');
INSERT INTO VAZBA_HRA_ZAMESTNANEC (ID_HRA,ID_ZAMESTNANEC) VALUES ('50','70');
INSERT INTO VAZBA_HRA_ZAMESTNANEC (ID_HRA,ID_ZAMESTNANEC) VALUES ('50','73');
INSERT INTO VAZBA_HRA_ZAMESTNANEC (ID_HRA,ID_ZAMESTNANEC) VALUES ('50','77');
INSERT INTO VAZBA_HRA_ZAMESTNANEC (ID_HRA,ID_ZAMESTNANEC) VALUES ('50','94');
INSERT INTO VAZBA_HRA_ZAMESTNANEC (ID_HRA,ID_ZAMESTNANEC) VALUES ('50','98');

commit;
